:200000000C943F000C945B550C9436550C949B550C943E000C94BB550C943E000C947B551A
:200020000C943E000C943E000C943E000C943E000C943E000C944E4A0C94814A0C943E00E9
:200040000C943E000C943E000C943E000C943E000C94DB550C943E000C943E000C943E00BE
:200060000C943E000C943E000C943E000C943E000C943E000C943E000C943E0018950FEFC3
:200080000DBF00E10EBF0E944F090E9451160E94116900E00093B70700E00093B80700E084
:2000A0000093B90700E00093BA0700270093EB0700270093F80700270093E00700270093F9
:2000C000510800E00093F90700E00093FA0700E00093E4060093E5060093E60600270093CC
:2000E000C5070093C6070093C7070093C8070093C9070093CA070093CB070093CC070093EC
:20010000CD070093CE07009305080093060800930708009308080093090800930A08009341
:200120000B0800930C0800930D0800930E0800930F08009310080093110800931208009373
:2001400013080093140800931508009316080E94406C0FE00093AE0600EA0093AF0600E0DE
:200160000093B006E5E0F8E0E0930308F0930408EAE1F8E0E0931808F093190800270093F8
:2001800035080E94D8140E94FE090E949A1A0E94C52700913608002312F40E94F1717894FF
:2001A0000E94CC69093011F40E9427150E94C52706E006BB0E94084A0E9484560E941009EC
:2001C0000E9480260E941E0D0E949D3C0E94840D0E94693B0E944D020E94940A0E94750CC2
:2001E0000E948D4A0090F9071090FA07011481F00091F9070093FA070090E107009400920C
:20020000F0070090E7071090F00701280092E7070090EC071090ED0701240092F0070090D4
:20022000E10700940092F1070090F0071090F10701200092F0070090E7071090F0070128B1
:200240000092E7070090EC071090EC0701200092ED070091E70700232AF400270093E707F9
:200260000E9479220091E10700230AF4A3CF03B1009502950F70013009F09CCF00E00093CE
:200280006F0000270093F8070E94BB0B0E94B1618DCF0E94666901E00093B50702E00093A8
:2002A000B60700E00093B10701E00093B207EF93FF93E2E1F4E00E947B67FF91EF9100E00A
:2002C0000093B1070EE00093B207EF93FF93E4E2F4E00E947B67FF91EF91E7E9F0E00E9415
:2002E000E8690E94206700E00093B10707E10093B207EF93FF93E4E3F4E00E947B67FF9162
:20030000EF910E94E8690E94206700E00093B10700E20093B207EF93FF93E4E4F4E00E9496
:200320007B67FF91EF910E94E8690E94206700E00093B10709E20093B207EF93FF93E4E570
:20034000F4E00E947B67FF91EF910E94E8690E94206700E00093B10709E30093B207EF9334
:20036000FF93E4E6F4E00E947B67FF91EF91EAE7F4E004E0019FE00DF11D05910093B107B4
:2003800005910093B20705910093B30704910093B40700E00093B5070E9499660E941169C9
:2003A0000E94DD69083009F40895043021F41A950AF413E06ECF023029F41395143009F425
:2003C00010E067CF013021F5E7E9F0E002E0019FE00DF11DEF93FF930E94E869EAE8F4E0E6
:2003E00004E0019FE00DF11DC591D59105901590E02DF12D0E94FD38A02DB12DFF91EF91CB
:20040000E7E9F0E002E0019FE00DF11D0E94EF6940CF43616D6572612053746162205365EB
:2004200074757000526F6C6C206761696E202020203A0000526F6C6C206F666673657420F1
:20044000203A00005069746368206761696E2020203A00005069746368206F666673657452
:20046000203A00004241434B2050524556204E455854204348414E474500530D6E16531642
:200480006E1F531F6E2853286E310083007D000064000083007D00006400009144080130D7
:2004A0000CF496C00091440802300CF401C02CC0B0915505A0915605D09157050E94585AF2
:2004C000B0935505A0935605D093570500E00093400504E00093410500E70093420510915B
:2004E000550520915605309157054091400550914105609142050E948B6A7093D50680937C
:20050000D6062092D70664C003E00093400508EE0093410500E00093420530915805409119
:20052000590550915A05609140057091410580914205580F471F361F3093580540935905D5
:2005400050935A0530915B0540915C0550915D05609140057091410580914205580F471F21
:20056000361F30935B0540935C0550935D0500E00093400502E00093410508E30093420552
:20058000109158052091590530915A054091400550914105609142050E948B6A7093CF064A
:2005A0008093D0062092D10610915B0520915C0530915D054091400550914105609142051E
:2005C0000E948B6A7093D5068093D6062092D7060091CF060093D8060091D0060093D90678
:2005E0000091D1060093DA061091BA062091BB063091BC064091CC065091CD066091CE06AE
:200600000E948B6A7093400580934105209242053091D8064091D9065091DA066091400563
:200620007091410580914205580F471F361F3093D8064093D9065093DA060091D5060093E4
:20064000DB060091D6060093DC060091D7060093DD061091BD062091BE063091BF064091C3
:20066000D2065091D3066091D4060E948B6A7093400580934105209242053091DB06409179
:20068000DC065091DD06609140057091410580914205580F471F361F3093DB064093DC0664
:2006A0005093DD0600E00093400500934105009342053091CC064091CD065091CE0660912C
:2006C0004005709141058091420558174707360709F4A3C03091D2064091D3065091D406DE
:2006E00060914005709141058091420558174707360709F492C0009143080023CAF0009192
:20070000D806009339060091D90600933A060091DA0600933B060091DB0600933C060091C9
:20072000DC0600933D060091DD0600933E065DC03091D8064091D9065091DA066091DB06B7
:200740007091DC068091DD06581B470B360B3093390640933A0650933B063091D806409113
:20076000D9065091DA066091DB067091DC068091DD06580F471F361F30933C0640933D06F3
:2007800050933E0608E0009340050CEA0093410500E0009342053091390640913A065091F7
:2007A0003B06609140057091410580914205580F471F361F3093390640933A0650933B06C8
:2007C00030913C0640913D0650913E06609140057091410580914205581B470B360B30933F
:2007E0003C0640933D0650933E060091CF06009369060091D00600936A060091D1060093AD
:200800006B060091D50600936C060091D60600936D060091D70600936E06089500913507A4
:2008200000933A070091360700933B070091370700933C070091380700933D070091390724
:2008400000933E0708953090350740903607509037076090380770903907209135073091DF
:2008600036074091370750913807609139070E949A6BB0936207C0936307D0936407E0938A
:200880006507F0936607309062074090630750906407609065077090660701E00E94336C63
:2008A000309262074092630750926407609265077092660701E00093670700E000936807F3
:2008C00000E00093690700E000936A0700E000936B073090670740906807509069076090BF
:2008E0006A0770906B072091620730916307409164075091650760916607761A650A540A8C
:20090000430A320A30923F07409240075092410760924207709243070895B0933507A0932D
:200920003607D0933707C0933807F09339073090350740903607509037076090380770902E
:2009400039072091260730912707409128075091290760912A070E949A6BB0933507C093DE
:200960003607D0933707E0933807F09339070895EE27FF27CD2FDA2FAB2FBB2312F4BFEFDB
:200980000895BB2708954ADF5EDF309058074090590750905A0760905B0770905C072091DF
:2009A0003F07309140074091410750914207609143070E949A6BB0937607C0937707D093D0
:2009C0007807E0937907F0937A0730905D0740905E0750905F076090600770906107209192
:2009E0003A0730913B0740913C0750913D0760913E070E949A6BB0936207C0936307D093D1
:200A00006407E0936507F09366073090760740907707509078076090790770907A07209110
:200A2000620730916307409164075091650760916607761A650A540A430A320A3092760716
:200A400040927707509278076092790770927A07309058074090590750905A0760905B070E
:200A600070905C0720913A0730913B0740913C0750913D0760913E070E949A6BB0937B0743
:200A8000C0937C07D0937D07E0937E07F0937F0730905D0740905E0750905F0760906007A2
:200AA0007090610720913F07309140074091410750914207609143070E949A6BB0936207FE
:200AC000C0936307D0936407E0936507F093660730907B0740907C0750907D0760907E074E
:200AE00070907F072091620730916307409164075091650760916607760E651E541E431E6A
:200B0000321E30927B0740927C0750927D0760927E0770927F070895F894A0918400B09168
:200B200085007894E0914808F0914908A0934808B0934908AE1BBF0B2AF4E0E0F0E0EA1B34
:200B4000FB0BDF01DD27B695A795D795B695A795D795B695A795D795B695A795D795CC27EC
:200B6000FF27B0933007A0933107D0933207C0933307F093340730903007409031075090A4
:200B80003207609033077090340720912B0730912C0740912D0750912E0760912F070E94FC
:200BA0009A6BB0932607C0932707D0932807E0932907F0932A07B0917C05A0917D05D09180
:200BC0007E05D7DEAADE009149070093580700914A070093590700914B0700935A07009145
:200BE0004C0700935B0700914D0700935C0700914E0700935D0700914F0700935E07009185
:200C0000500700935F0700915107009360070091520700936107B7DE009176070093490736
:200C20000091770700934A070091780700934B070091790700934C0700917A0700934D07DC
:200C400000917B0700934E0700917C0700934F0700917D070093500700917E07009351079C
:200C600000917F0700935207B0917905A0917A05D0917B057EDE51DE0091440700935807C8
:200C800000914507009359070091460700935A070091470700935B070091480700935C0708
:200CA00000914E0700935D0700914F0700935E070091500700935F070091510700936007B4
:200CC00000915207009361075EDE0091760700934407009177070093450700917807009376
:200CE0004607009179070093470700917A070093480700917B0700934E0700917C0700931F
:200D00004F0700917D070093500700917E070093510700917F0700935207B0916D05A09196
:200D20006E05D0916F0525DEF8DD0091440700935807009145070093590700914607009384
:200D40005A070091470700935B070091480700935C070091490700935D0700914A0700933B
:200D60005E0700914B0700935F0700914C070093600700914D070093610705DE0091760783
:200D80000093440700917707009345070091780700934607009179070093470700917A0793
:200DA0000093480700917B070093490700917C0700934A0700917D0700934B0700917E0753
:200DC00000934C0700917F0700934D07089530904407409045075090460760904707709000
:200DE000480720914407309145074091460750914707609148070E949A6BB0936207C09368
:200E00006307D0936407E0936507F09366073090490740904A0750904B0760904C07709025
:200E20004D072091490730914A0740914B0750914C0760914D070E949A6BB0936707C09304
:200E40006807D0936907E0936A07F0936B073090620740906307509064076090650770906D
:200E6000660720916707309168074091690750916A0760916B07760E651E541E431E321E96
:200E8000309262074092630750926407609265077092660730904E0740904F07509050075F
:200EA000609051077090520720914E0730914F074091500750915107609152070E949A6B22
:200EC000B0936707C0936807D0936907E0936A07F0936B0730906207409063075090640745
:200EE000609065077090660720916707309168074091690750916A0760916B07760E651EDD
:200F0000541E431E321E3092530740925407509255076092560770925707089500914407FF
:200F2000009371070091450700937207009146070093730700914707009374070091480705
:200F4000009375072ED00091C0060093BA060091C1060093BB060091C2060093BC060091EF
:200F600049070093710700914A070093720700914B070093730700914C07009374070091B5
:200F80004D07009375070DD00091C0060093BD060091C1060093BE060091C2060093BF0604
:200FA00008950AE50093670700E00093680700E00093690700E000936A0700E000936B0716
:200FC0003090710740907207509073076090740770907507209167073091680740916907BF
:200FE00050916A0760916B070E949A6BB0936207C0936307D0936407E0936507F09366078F
:20100000B0916207A0916307D0916407C0916507F0916607AFDCB093C006A093C106D09323
:20102000C20608950E94666901E00093B50702E00093B60700E00093B10701E00093B20720
:20104000EF93FF93E0EBF1E10E947B67FF91EF91ECE8F0E00E94F669BB270E94206700E0BB
:201060000093B1070090B20709E0000E0092B207EF93FF93EEEBF1E10E947B67FF91EF9147
:201080000E94F6690E94206700E00093B1070090B20709E0000E0092B207EF93FF93ECEC84
:2010A000F1E10E947B67FF91EF910E94F6690E94206700E00093B1070090B20709E0000E35
:2010C0000092B207EF93FF93EAEDF1E10E947B67FF91EF910E94F6690E94206700E00093D7
:2010E000B1070090B20709E0000E0092B207EF93FF93E8EEF1E10E947B67FF91EF910E94BB
:20110000F6690E94206700E00093B10709E30093B207EF93FF93E6EFF1E10E947B67FF9115
:20112000EF91ECE0F2E104E0019FE00DF11D05910093B10705910093B20705910093B3076B
:2011400004910093B40700E00093B5070E9499660E9411690E94DD69083009F408950430D2
:2011600021F41A950AF414E05DCF023029F41395153009F410E056CF0130C9F4ECE8F0E0AD
:2011800001E0019FE00DF11D0E94F669C1E0D0E0E8E0F0E0B0E00E94FD38A02DB12DECE803
:2011A000F0E001E0019FE00DF11D0E94026A3ACF526F6C6C202841696C2920203A00506979
:2011C0007463682028456C6529203A005468726F74746C65202020203A0059617720285214
:2011E0007564292020203A004155582020202020202020203A004241434B2050524556207D
:201200004E455854204348414E4745004D0055094D0955124D12551B4D1B55244D24552DBE
:2012200000E00093400500934105009342053091AE064091AF065091B0066091400570917A
:2012400041058091420558174707360759F03091AE064091AF06415030403093AE06409367
:20126000AF0608950091D40700231AF002E00093F9070091D50700231AF003E00093F907FE
:201280000091D60700231AF004E00093F9070091D70700231AF005E00093F907089502E3A6
:2012A00001B90AE004B90CEF07B902EF0AB90FEF00937E0005EF05B903E008B90DE00BB948
:2012C000ACE3B0E00E94B9690E94CC69023011F4A7E003C0063039F4A3E003EF0AB90E9496
:2012E000DA7102EF0AB900E00093800002E00093810000E00093820005E10093690007E048
:201300000DBBEFECF0E00E94546A00934D0800914D08002322F40FEF00934C0806C0EEEC6E
:20132000F0E00E94546A00934C08002700933708009338080093390800933A080093FE0789
:2013400000933608E4E9F0E00E941E6A00933B08013021F40FEF0093FE0721C0023051F4EB
:201360000FEF00933708009338080093FE070093360815C0033051F40FEF009337080093B1
:2013800039080093FE070093360809C0043039F40FEF00933A080093FE07009336080091AC
:2013A0003608002322F402E00093680003C00AE00093680001E00093730001E000936C006A
:2013C0000091B9000C7F0093B90001E10093B8005D9A5C9A5E982B9A299AA4EFB1E00E948E
:2013E000B9692B9829985E9AA4E6B0E00E94B9690895089507EE0A95F1F708950E946669AD
:2014000001E00093B50702E00093B60700E00093B10709E00093B207EF93FF93ECE9F4E14C
:201420000E947B67FF91EF9100E00093B10703E10093B207EF93FF93EAEAF4E10E947B677C
:20144000FF91EF9100E00093B1070DE10093B207EF93FF93ECEBF4E10E947B67FF91EF91C3
:201460000E941169A8EEB3E00E94B96908950E94FE0900E00093B10709E30093B207EF9338
:20148000FF93E2EFFEE90E947B67FF91EF910E9411690E94CC690830E1F7089548572056B9
:2014A000657220322E312E58000046572056657220312E313953312050726F0053746576D4
:2014C000656973000E94666901E00093B50702E00093B60704E10093B10709E10093B20792
:2014E000EF93FF93E0E5FEE10E947B67FF91EF9100E00093B10709E30093B207EF93FF9329
:20150000EEE5FEE10E947B67FF91EF910E9411690E94DD69013009F008950027E0E0F0E003
:201520000E945C6A0C943F0000E00093400500934105009342053091A2064091A306509135
:20154000A40660914005709141058091420558174707360759F03091A2064091A306415055
:2015600030403093A2064093A30603C000270093F7070090E1071090E30701200092F007ED
:201580000091F0070023B2F530919F064091A0064150304030939F064093A00600E00093C7
:2015A0004005009341050093420530919F064091A0065091A1066091400570914105809140
:2015C0004205581747073607ACF403E000939F0600E20093A00600E00093A1060FEF009349
:2015E000F70700E00093A20604E10093A30600E00093A4060090E1071090E20701240092DC
:20160000F0070090E1071090E10701200092E2070091F00700233AF400E00093B1060093A1
:20162000B2060093B30600E00093400500E00093410501E0009342053091B1064091B20679
:201640005091B306609140057091410580914205580F471F361F3093B1064093B206509311
:20166000B3060DE70093400500E00093410500E0009342053091B1064091B2065091B306D7
:2016800060914005709141058091420558174707360764F0009140050093B1060091410530
:2016A0000093B206009142050093B3060AE0009340050CEF0093410500E8009342053091A2
:2016C000B1064091B2065091B306609140057091410580914205581747073607B4F13091FB
:2016E000B4064091B506415030403093B4064093B50600E00093400500934105009342052D
:201700003091B4064091B5065091B606609140057091410580914205581747073607ACF4B6
:2017200007E00093B40600ED0093B50600E00093B6060FEF0093F70701E00093A20600E977
:201740000093A30600E00093A4060090F7071090F60701280092F0070090F0071090F8072D
:2017600001280092F0070091F007002312F029980895299A08950F93CF93299AC2E30E943E
:20178000BE692998CF910F910895402F2A2F3B2F0E94666901E00093B50705E00093B607BC
:2017A000203049F00AE30093B10700E00093B20702E00E948167022F0B5F041749F00AE3F4
:2017C0000093B10702E30093B20703E00E94816702E00093B60708E00093B20715E0FE01C6
:2017E00004E1029FE00DF11D00E00093B107A4E105910E948167AA95D9F70090B20708E058
:20180000000E0092B2071A9579F708E0039F002D095F0093B207075F0093B40700E00093BE
:20182000B1070FE70093B30700E00093B5070E94996600E00093B10709E30093B207EF93F8
:20184000FF93E4EDF8E10E947B67FF91EF910E941169AEE10E94CC69003011F0AA95D1F7FE
:201860000E94CC690030E1F30E94BB0B083019F4AA2788942BC0043061F4303019F03A9547
:201880000C94690C203019F02A950C94690C0C94690C023071F4343019F033950C94690C10
:2018A000042F0550201719F023950C94690C0C94690C013071F40E9466690E9411690E94B9
:2018C000CC690030E1F7A22FA30F0894C22FD32F08955ECF4241434B202055502020204455
:2018E0004F574E20454E544552003091A3054091A4055091A5056091A6057091A70580918E
:20190000A805581B470B360B3093BE054093BF055093C0056091BE057091BF058091C00500
:2019200008E00E947C6A6093BE057093BF058093C0053091A6054091A7055091A80560917A
:20194000BE057091BF058091C005580F471F361F3093A6054093A7055093A805309184063F
:2019600040918506509186066091A6057091A7058091A805581B470B360B3093BE05409338
:20198000BF055093C0050AF455C06091BE057091BF058091C00502E00E947C6A6093BE0559
:2019A0007093BF058093C00500E00093400500E10093410500E0009342053091BE05409107
:2019C000BF055091C00560914005709141058091420558174707360764F000914005009311
:2019E000BE05009141050093BF05009142050093C00530919606409197065091980660918B
:201A0000BE057091BF058091C005580F471F361F309396064093970650939806B091960619
:201A2000A0919706D0919806AA2322F00FEF0093F607089500270093F60708950091E10702
:201A400000236AF13091B7064091B806415030403093B7064093B80600E00093400500939E
:201A60004105009342053091B7064091B8065091B906609140057091410580914205581755
:201A80004707360764F40FEF0093E70701E00093B70600E90093B80600E00093B9060090B7
:201AA000E8071090EB0701200092F0070090E80700940092F2070090F2071090EC07012020
:201AC0000092F1070090F0071090F10701280092F2070090F2071090510801280092F10774
:201AE0000090EA0700940092F2070090F1071090F20701200092E9070091E107002312F0E4
:201B00002B9808952B9A08951091C9062091CA063091CB0640917E0650917F06609180064E
:201B20000E948B6A7093400580934105209242050091810600936F06009182060093700632
:201B4000009183060093710630914005409141055091420560916F067091700680917106B7
:201B600058174707360764F000916F06009340050091700600934105009171060093420577
:201B800060916F067091700680917106552744273327581B470B360B30936F064093700618
:201BA0005093710630914005409141055091420560916F0670917006809171065817470764
:201BC000360764F400916F06009340050091700600934105009171060093420530914F05BB
:201BE0004091500550915105609140057091410580914205581B470B360B30934F054093C3
:201C00005005509351050895C0ECDCE1A091BA07B091B90704E10E94C50BC093BA07D0936F
:201C2000B90708F008950E94666901E00093B50702E00093B60704E10093B10709E10093CF
:201C4000B207EF93FF93E0E5FEE10E947B67FF91EF9100E00093B10709E30093B207EF939A
:201C6000FF93EEE5FEE10E947B67FF91EF910E9411690E94DD69013009F0C6CF299AA093D3
:201C80004A08E4E7FEE100E40A9FE00DF11DDF01C4E0D0E010E4FD010491FE010E94366AC4
:201CA000119621961A95B9F72998A0914A08EDEAF0E00E94026A0E94C5270E94A612A4CF13
:201CC00053696E676C65436F7074657220324D203253202053696E676C65436F70746572E2
:201CE00020314D20345320204475616C436F707465722020202020202020202054726943BA
:201D00006F7074657220536572766F204D342020547269436F7074657220536572766F209E
:201D20004D372020593620202020202020202020202020202020202051756164726F436FF2
:201D400070746572202B206D6F64652051756164726F436F707465722078206D6F64652042
:201D6000583820202020202020202020202B206D6F64652058382020202020202020202093
:201D80002078206D6F64652048657861436F707465722020202B206D6F64652048657861DD
:201DA000436F7074657220202078206D6F6465204F63746F436F707465722020202B206DDF
:201DC0006F6465204F63746F436F7074657220202078206D6F6465204836202020202020AE
:201DE0002020202020202020202020204838202020202020202020202020202020202020A3
:201E0000563620202020202020202020202020202020202056382020202020202020202028
:201E200020202020202020205934202020202020202020202020202020202020562D54619D
:201E4000696C202020202020202020202020202041726520796F7520737572653F004341B6
:201E60004E43454C2020202020202020202020205945530064000064000300006400009C04
:201E8000000300000064000032000000000064003200000000000000000000000000000013
:201EA0000000000000000000000000000000000000000000640000000003000000640064F3
:201EC000320000000000646432000000009C00643200000000009C64320000000000000072
:201EE00000000000000000000000000000000000000000006464000000030000649C000017
:201F000000030000000064640000000000009C6400000000000000000000000000000000F6
:201F2000000000000000000000000000000000000000000064A9320000030000645732FF73
:201F40000003000064009C00000300000000006432000000000000000000000000000000E5
:201F6000000000000000000000000000000000000000000064A9320000030000645732FF33
:201F80000003000064009C000003000000000000000000000000000000000000000000003B
:201FA000000000000000006432000000000000000000000064A932640003000064A9329C0A
:201FC0000003000064573264000300006457329C0003000064009C640003000064009C9C1B
:201FE000000300000000000000000000000000000000000064006464000300006464009C4B
:202000000003000064009C6400030000649C009C00030000000000000000000000000000B7
:20202000000000000000000000000000000000000000000064B94764000300006447479C47
:20204000000300006447B9640003000064B9B99C000300000000000000000000000000003D
:20206000000000000000000000000000000000000000000064006464000300006400649CCD
:202080000003000064640064000300006464009C0003000064009C640003000064009C9CA4
:2020A00000030000649C006400030000649C009C0003000064B947640003000064B9479C4C
:2020C0000003000064474764000300006447479C000300006447B964000300006447B99C48
:2020E0000003000064B9B9640003000064B9B99C0003000064006464000300006457329C73
:20210000000300006457CE640003000064009C9C0003000064A9CE640003000064A9329C10
:20212000000300000000000000000000000000000000000064325764000300006464009CE4
:20214000000300006432A9640003000064CEA99C00030000649C00640003000064CE579CD0
:20216000000300000000000000000000000000000000000064006464000300006447479C9F
:202180000003000064640064000300006447B99C0003000064009C640003000064B9B99C31
:2021A00000030000649C00640003000064B9479C0003000064265C6400030000645C269CE3
:2021C00000030000645CDA64000300006426A49C0003000064DAA4640003000064A4DA9C67
:2021E0000003000064A426640003000064DA5C9C0003000064474764000300006447009C6E
:20220000000300006447B9640003000064B9B99C0003000064B900640003000064B9479CF7
:20222000000300000000000000000000000000000000000064474764000300006447189CE3
:20224000000300006447E864000300006447B99C0003000064B9B9640003000064B9E89CA0
:202260000003000064B918640003000064B9479C0003000064644764000300006447009CFF
:2022800000030000642AB9640003000064D6B99C0003000064B9006400030000649C479C94
:2022A000000300000000000000000000000000000000000064644764000300006451189C3C
:2022C00000030000643DE86400030000642AB99C0003000064D6B9640003000064C3E89C20
:2022E0000003000064AF186400030000649C479C0003000064B94764000300006447479C0A
:202300000003000064009C640003000064009C9C00030000000000000000000000000000B4
:20232000000000000000000000000000000000000000000064B9470000030000644747FF45
:20234000000300007800A664000300007800A69C0003000000000000000000000000000038
:2023600000000000000000000000000000000000000000000E94666901E00093B50702E0DA
:202380000093B60700E00093B10701E00093B207EF93FF93EEEDF4E20E947B67FF91EF913C
:2023A000E0E7F0E00E94E8690E94206700E00093B1070090B20709E0000E0092B207EF9332
:2023C000FF93E8EEF4E20E947B67FF91EF910E94E8690E94206700E00093B1070090B2079B
:2023E0000CE0000E0092B207EF93FF93E2EFF4E20E947B67FF91EF910E94E8690E9420672D
:2024000000E00093B1070090B20709E0000E0092B207EF93FF93E4E0F5E20E947B67FF9143
:20242000EF910E94E8690E94206700E00093B10709E30093B207EF93FF93E6E1F5E20E9449
:202440007B67FF91EF91ECE2F5E204E0019FE00DF11D05910093B10705910093B20705910D
:202460000093B30704910093B40700E00093B5070E9499660E9411690E94DD69083009F423
:202480000895043021F41A950AF413E073CF023029F41395143009F410E06CCF0130F1F4FB
:2024A000E0E7F0E002E0019FE00DF11DEF93FF930E94E869ECE3F5E204E0019FE00DF11DDC
:2024C000C591D59105901590E02DF12D0E94FD38A02DB12DFF91EF910E94EF694BCF5020C5
:2024E0004761696E20203A0050206C696D6974203A00414343205472696D20526F6C6C209E
:20250000203A0000414343205472696D205069746368203A00004241434B205052455620DE
:202520004E455854204348414E47450035004F0935094F125F157F1E5F1E7F270000007DB9
:202540000000007D18FCE80318FCE80344240E94666900E00093B10700E00093B20702E0EE
:202560000093B60701E00093B507EF93FF93ECE6F9E20E947B67FF91EF914420A1F4EF930B
:20258000FF93E4E7F9E20E947B67FF91EF910FEF602E08E0802E55240E94081353948A9412
:2025A0008820D1F709C0542C5A94A42DBB270E94206766240E94081302E00093B60701E03E
:2025C0000093B50700E00093B10709E30093B207EF93FF93E0E8F9E20E947B67FF91EF91FE
:2025E0000E9411690E94DD69083009F40895043031F4439409E0401609F44424A8CF023088
:2026000031F44A94442012F408E0402EA0CF9FCFE0E0F5E008E0059DE00DF11D01E000938C
:20262000B5070FEF702EDD27A181BB27AA2312F4DFEFBFEFB0932406A0932506D093260691
:2026400000E0009340050093410500934205309124064091250650912606609140057091E4
:2026600041058091420558174707360709F0772400E00093400500E00093410500E4009346
:2026800042051091240620912506309126064091400550914105609142050E948B6A709350
:2026A0002406809325062092260600E00093400500E60093410500E00093420530912406B8
:2026C0004091250650912606609140057091410580914205580F471F361F3093240640933A
:2026E000250650932606B0912406A0912506D0912606A093B107DD27A281BB27AA2312F485
:20270000DFEFBFEFB0932406A0932506D093260600E00093400500934105009342053091B7
:202720002406409125065091260660914005709141058091420558174707360709F0772403
:202740000FEF009340050FEF0093410500EC009342051091240620912506309126064091A1
:20276000400550914105609142050E948B6A70932406809325062092260600E0009340051D
:2027800000E20093410500E000934205309124064091250650912606609140057091410553
:2027A00080914205580F471F361F309324064093250650932606B0912406A0912506D0917D
:2027C0002606A093B207DD27A081BB27AA2312F4DFEFBFEFB0932406A0932506D093260631
:2027E00000E000934005009341050093420530912406409125065091260660914005709143
:2028000041058091420558174707360709F07724A381AA2309F07724772092F466200AF466
:20282000089502E40093B1070BE10093B207EF93FF93E4E6F9E20E947B67FF91EF910895A8
:20284000A581A0FD11C0662072F002E40093B1070BE10093B207EF93FF93E8E7F9E20E9433
:202860007B67FF91EF91089500E60093B30700E20093B4070E943D680091B10704500093EF
:20288000B1070091B20707500093B20705E00093B60704E0A381AA230AF005E00E94816720
:2028A0000091B1070E500093B1070090B20705E0000E0092B20700E00093B60700E00093FC
:2028C000B507052D0E94816766200AF44AC002E00093B60701E00093B50700E00093B10765
:2028E0000FE00093B207EF93FF93E4E9F9E20E947B67FF91EF9100E00093B10708E10093A6
:20290000B207EF93FF93EEE9F9E20E947B67FF91EF9100E00093B10701E20093B207EF93C8
:20292000FF93E8EAF9E20E947B67FF91EF9100E00093B1070AE20093B207A381AA234AF036
:20294000EF93FF93ECE8F9E20E947B67FF91EF9108C0EF93FF93E0E9F9E20E947B67FF918C
:20296000EF910895556E757365642E004D6F746F723A2000414C4C00536572766F2E000017
:202980004241434B20204E45585400004357000043435700446972656374696F6E007365B7
:2029A000656E2066726F6D0061626F76653A00000BE60093AD0720E80E947F66A2E3B0E04D
:2029C0000E94B9690BE60093AD0721E00E947F660AE10093AD07E2EAF0E00E941E6A0093E8
:2029E0004008202F0E947F660BE10093AD07E0EAF0E00E941E6A00933C08202F0E947F6615
:202A00000CE10093AD07E1EAF0E00E941E6A00933D08202F0E947F66A2E3B0E00E94B96936
:202A200008950AE10093AD070E94B064009340080BE10093AD070E94B06400933C080CE189
:202A40000093AD070E94B06400933D0808950E94666901E00093B50702E00093B60701E050
:202A60000093B10709E10093B207EF93FF93ECE8FCE20E947B67FF91EF9100E00093B10750
:202A80000E94116900E00093DA0700E00093DB0701E00093DD0708E00093DC070FEF00932A
:202AA000E10700E000939C0601E000939D0600E000939E062B9A06E006BB0E94084A0E94E9
:202AC000845600270093E30700E00093400508EC0093410500E00093420530914F05409153
:202AE000500550915105609140057091410580914205581B470B360B30934005409341054E
:202B00005093420500E000936F06009370060093710630914005409141055091420560915A
:202B20006F0670917006809171065817470736073CF400E00093400500934105009342058C
:202B400000E000936F0606E00093700600E0009371061091400520914105309142054091FE
:202B60006F0650917006609171060E948B6A70934005809341052092420500E000936F0608
:202B800008E5009370060CEC0093710630914005409141055091420560916F06709170061B
:202BA00080917106580F471F361F30934005409341055093420500914005009327060091F9
:202BC00041050093280600914205009329060091400500932A060091410500932B0600918F
:202BE000420500932C060091400500932D060091410500932E060091420500932F0600915E
:202C000040050093300600914105009331060091420500933206009140050093330600912F
:202C20004105009334060091420500933506009140050093360600914105009337060091FE
:202C400042050093380600914005009339060091410500933A060091420500933B060091CD
:202C6000400500933C060091410500933D060091420500933E060E948D4A03B10095029585
:202C80000F70093009F419CF2B9808955468726F74746C6520706173732D7468726F756744
:202CA0006800E0E0F0E00E94546A3196093181F40E94546A3196033059F40E94546A319678
:202CC000033731F40E94546A3196093109F40895002700934C080E947F160FEF00934C0870
:202CE0000E947F1615E00E94BB0BC0E00E94BE691A95C9F70E94FF620E94040E0895E0E054
:202D0000F0E009E10E94366A319603E00E94366A319603E70E94366A319609E10E94366AE5
:202D20003196A4E0B0E0CAECDFE210E4FE010491FD010E94366A119621961A95B9F7A4E434
:202D4000B0E0CAE0D0E318E1FE010491FD010E94366A119621961A95B9F7A4E8B0E0C2E23C
:202D6000D0E318E0FE010491FD010E94366A119621961A95B9F7AAE0B0E0E8E7F0E00E94BC
:202D8000EF69A0E2B0E0EBEAF0E00E94EF69ABE4B0E0E0E7F0E00E94EF69A4E1B0E0E2E79C
:202DA000F0E00E94EF69A0E0B0E0EAE7F0E00E94EF69AEE1B0E0ECE7F0E00E94EF69A0E062
:202DC000B0E0EEE7F0E00E94EF69A2E3B0E0E0E8F0E00E94EF69A8E0B0E0E2E8F0E00E94C9
:202DE000EF69A0E0B0E0E4E7F0E00E94EF69A0E0B0E0E6E7F0E00E94EF69A1E0B0E0ECE84A
:202E0000F0E00E94026AA2E0B0E0EDE8F0E00E94026AA3E0B0E0EEE8F0E00E94026AA4E0C4
:202E2000B0E0EFE8F0E00E94026AA5E0B0E0E0E9F0E00E94026AA0E0B0E0E7E9F0E00E943F
:202E4000EF69A2E3B0E0E9E9F0E00E94EF69A0E0B0E0EBE9F0E00E94EF69A2E3B0E0EDE9D0
:202E6000F0E00E94EF69AA27E1E9F0E00E94026A0FEFA02FE2E9F0E00E94026A0FEFA02FCC
:202E8000E3E9F0E00E94026AAA27E4E9F0E00E94026AA8E0B0E0E0EAF0E00E94026AA8E0C4
:202EA000B0E0E1EAF0E00E94026AA0E0B0E0E2EAF0E00E94026AA2E0B0E0E3EAF0E00E94CE
:202EC000026AAA27E4EAF0E00E94026AAA27EAEAF0E00E94026AAA27EFE9F0E00E94026AFF
:202EE0000FEFA02FEEECF0E00E94026AAA27EFECF0E00E94026AAA27E5EAF0E00E94026A45
:202F0000AA27E6EAF0E00E94026A0FEFA02FE6E9F0E00E94026AAA27E7EAF0E00E94026A38
:202F2000AA27E5E9F0E00E94026AAFEFEDEAF0E00E94026AA0E0B0E0E8EAF0E00E94EF6915
:202F4000A0E0B0E0EEEAF0E00E94EF69E2EBF0E00E94EF69E6EBF0E00E94EF69EAEBF0E0E8
:202F60000E94EF69EEEBF0E00E94EF69E2ECF0E00E94EF69E6ECF0E00E94EF69EAECF0E0DA
:202F80000E94EF69A4E6B0E0E0EBF0E00E94EF69E4EBF0E00E94EF69E8EBF0E00E94EF6952
:202FA000ECEBF0E00E94EF69E0ECF0E00E94EF69E4ECF0E00E94EF69E8ECF0E00E94EF69A2
:202FC000ECECF0E00E94EF69089500000000000000000000000000000000000000000000B2
:202FE0000000000000000000000000000000000000000000000000000000000000000000D1
:2030000000000000000000000000410064001E001400410064001E0014004100140032007B
:203020000A001E001E002D005A000091EA0700230AF408950E94666901E00093B50702E000
:203040000093B60700E00093B10701E00093B207EF93FF93E6E6F6E30E947B67FF91EF917B
:2030600000E00093B1070090B20709E0000E0092B207EF93FF93ECE7F6E30E947B67FF91C6
:20308000EF9100E00093B1070090B20709E0000E0092B207EF93FF93E0E9F6E30E947B67C0
:2030A000FF91EF9100E00093B1070090B20709E0000E0092B207EF93FF93E0EAF6E30E94F1
:2030C0007B67FF91EF9100E00093B1070090B20709E0000E0092B207EF93FF93E6EBF6E38A
:2030E0000E947B67FF91EF9100E00093B1070090B20709E0000E0092B207EF93FF93E8EC9E
:20310000F6E30E947B67FF91EF9100E00093B10709E30093B207EF93FF93E0E5F6E30E948B
:203120007B67FF91EF910E9411690E94DD690130E1F7A5E3B0E00E94666900E00093B107DC
:2031400001E00093B207EF93FF93EEEDF6E30E947B67FF91EF9100E00093B1070090B20772
:2031600009E0000E0092B207EF93FF93ECEEF6E30E947B67FF91EF9100E00093B1070090F7
:20318000B20709E0000E0092B207EF93FF93ECEFF6E30E947B67FF91EF9100E00093B107AD
:2031A0000090B20709E0000E0092B207EF93FF93E6E0F7E30E947B67FF91EF9100E00093C9
:2031C000B1070090B20709E0000E0092B207EF93FF93E4E1F7E30E947B67FF91EF9100E085
:2031E0000093B1070090B20709E0000E0092B207EF93FF93E2E2F7E30E947B67FF91EF91B3
:2032000008E70093B10701E00093B2070A2F0E94816705E50093B10709E0B09F002D065F85
:203220000093B207EF93FF93E0E3F7E30E947B67FF91EF910E941169D7E0C0E00E94BE69C1
:20324000DA95D9F7B395B53009F075CFB0E0AA95AF3209F070CF0E94666909E10093B10737
:2032600009E10093B207EF93FF93E4E3F7E30E947B67FF91EF910E941169C0E00E94BE694A
:20328000E0E100E000939105009392050093930500E000939405009395050093960500E0C8
:2032A0000093970500939805009399050E94216430919105409192055091930560918805A1
:2032C0007091890580918A05580F471F361F30939105409392055093930530919405409134
:2032E00095055091960560918B0570918C0580918D05580F471F361F309394054093950517
:203300005093960530919705409198055091990560918E0570918F0580919005580F471F59
:20332000361F309397054093980550939905C4E60E94BE69EA9509F0B9CF609191057091ED
:2033400092058091930504E00E947C6A6093910570939205809393056091940570919505CE
:203360008091960504E00E947C6A6093940570939505809396056091970570919805809122
:20338000990504E00E947C6A609397057093980580939905D8E2C0E00E94BE69DA95D9F7E1
:2033A0000E9466690FEF0093EF0700E00093B1070AE00093B207EF93FF93E2E1F8EC0E9457
:2033C0007B67FF91EF91B0919105A0919205D09193050E9420670E94D86300E00093B10732
:2033E00003E10093B207EF93FF93ECE1F8EC0E947B67FF91EF91B0919405A0919505D0913E
:2034000096050E9420670E94D86300E00093B1070CE10093B207EF93FF93E6E2F8EC0E9445
:203420007B67FF91EF91B0919705A0919805D09199050E9420670E94D86300E00093B107BF
:2034400009E30093B207EF93FF93E0E5F6E30E947B67FF91EF910E9411690091EF07002328
:2034600022F5EDE5F0E0B0919105A0919205D09193050E94146AB0919405A0919505D091D5
:2034800096050E94146AB0919705A0919805D09199050E94146AEFE9F0E00FEF002F0E9430
:2034A000366A00E00093F90708C0EFE9F0E000270E94366A01E00093F9070E94DD69013093
:2034C000E1F70E9466690091EF0700230AF40FC000E00093B10709E10093B207EF93FF93B7
:2034E000E4E4F7E30E947B67FF91EF910EC000E00093B10709E10093B207EF93FF93E8E586
:20350000F7E30E947B67FF91EF9100E00093B10709E30093B207EF93FF93E0E5F6E30E9486
:203520007B67FF91EF910E9411690E94DD690130E1F70895E0E100E000937005009371053D
:203540000093720500E000937305009374050093750500E000937605009377050093780550
:203560000E942164309170054091710550917205609167057091680580916905580F471F38
:20358000361F30937005409371055093720530917305409174055091750560916A057091BC
:2035A0006B0580916C05580F471F361F30937305409374055093750530917605409177058A
:2035C0005091780560916D0570916E0580916F05580F471F361F309376054093770550939F
:2035E0007805C4E60E94BE69EA9509F0B9CF60917005709171058091720504E00E947C6A0A
:2036000060937005709371058093720560917305709174058091750504E00E947C6A609372
:203620007305709374058093750560917605709177058091780504E00E947C6A60937605B8
:2036400070937705809378050FEF00930008089520202020202020202020202020434F4EA5
:2036600054494E554500506C61636520746865206169726372616674206F6E0061206C65C4
:2036800076656C207375726661636520616E6400707265737320434F4E54494E55452E00A7
:2036A0005468652046432077696C6C207468656E207761697400352073656320746F206CA5
:2036C0006574207468650000616972637261667420736574746C6520646F776E2E0020206D
:2036E0002020206C64612023243335006C6F6C3A20737461202430343237000020202020F0
:2037000020736563000020202020207362632023243031002020202020636D702023243235
:2037200066002020202020626E65206C6F6C00003C2D2D0043616C6962726174696E672EC3
:203740002E2E000043616C6962726174696F6E206661696C65642E0043616C6962726174D0
:20376000696F6E20737563636565646564000E946669E3E9F0E00E94F669AA2362F0E6E942
:20378000F0E00E94F669AA2332F40FEFA02FE3E9F0E00E94026A01E00093B50702E0009349
:2037A000B60700E00093B10701E00093B207EF93FF93ECE0FBE30E947B67FF91EF91E1E9D8
:2037C000F0E00E94F669A0935008A03049F4EF93FF93E2E9FBE30E947B67FF91EF911EC051
:2037E000A13049F4EF93FF93ECE8FBE30E947B67FF91EF9113C0A23049F4EF93FF93E6E99C
:20380000FBE30E947B67FF91EF9108C0EF93FF93EEE9FBE30E947B67FF91EF9100E000939E
:20382000B1070AE00093B207EF93FF93ECE1FBE30E947B67FF91EF910E94F669AA234AF43B
:20384000EF93FF93E4EAFBE30E947B67FF91EF9108C0EF93FF93E8EAFBE30E947B67FF9174
:20386000EF9100E00093B10703E10093B207EF93FF93EEE2FBE30E947B67FF91EF910E9475
:20388000F669AA234AF4EF93FF93E4EAFBE30E947B67FF91EF9108C0EF93FF93E8EAFBE3DE
:2038A0000E947B67FF91EF9100E00093B1070CE10093B207EF93FF93EEE3FBE30E947B67C9
:2038C000FF91EF910E94F669A0933B08A03049F4EF93FF93ECEAFBE30E947B67FF91EF91F8
:2038E00040C0A13049F4EF93FF93E0EBFBE30E947B67FF91EF911EC0A23049F4EF93FF9368
:20390000E6EBFBE30E947B67FF91EF9113C0A33049F4EF93FF93ECEBFBE30E947B67FF91A4
:20392000EF9108C0EF93FF93E2ECFBE30E947B67FF91EF9100E00093B10705E20093B2078D
:20394000EF93FF93EEE4FBE30E947B67FF91EF91EF93FF93E4EAFBE30E947B67FF91EF91BB
:2039600025C000E00093B10705E20093B207EF93FF93EEE4FBE30E947B67FF91EF91E5E9DE
:20398000F0E00E94F669AA234AF4EF93FF93E4EAFBE30E947B67FF91EF9108C0EF93FF931B
:2039A000E8EAFBE30E947B67FF91EF9100E00093B1070EE20093B207EF93FF93EEE5FBE397
:2039C0000E947B67FF91EF91E6E9F0E00E94F669AA234AF4EF93FF93E4EAFBE30E947B6764
:2039E000FF91EF9108C0EF93FF93E8EAFBE30E947B67FF91EF9100E00093B10709E30093ED
:203A0000B207EF93FF93E2E7FBE30E947B67FF91EF91E8ECFBE304E0019FE00DF11D0591D7
:203A20000093B10705910093B20705910093B30704910093B40700E00093B5070E949966C3
:203A40000E9411690E94DD690830F1F4E2E9F0E00E941E6A0093DE07E4E9F0E00E94F6696A
:203A6000A03059F0E5E9F0E00E94F669AA232AF4AA27E5E9F0E00E94026AE5E9F0E00E94E6
:203A80001E6A009345080895043021F41A950AF415E06DCE023029F41395163009F410E0D1
:203AA00066CE013091F5133071F400913B08039505300CF000E000933B08A02FE4E9F0E0B4
:203AC0000E94026A54CE103071F400915008039504300CF000E000935008A02FE1E9F0E02C
:203AE0000E94026A44CEE1E9F0E001E0019FE00DF11D0E94F66900E8A027E1E9F0E001E065
:203B0000019FE00DF11D0E94026A31CE53656C662D4C6576656C20203A2000004C696E6B26
:203B200020526F6C6C2050697463683A20004175746F2044697361726D203A200000526510
:203B4000636569766572202020203A2000004368616E6E656C204D6170203A2000004C6FE1
:203B60007374204D6F64656C20416C61726D3A2000004241434B2050524556204E45585419
:203B8000204348414E4745004F6E0000537469636B0041555800416C7761797300004E6F88
:203BA0006E650000596573004E6F0000537464004350504D000044534D32000044534D5897
:203BC00000005342757300005300790964097A125312681B531B6D245324682D6A2D7F365B
:203BE0000E94666901E00093B50702E00093B60700E00093B10701E00093B207EF93FF9386
:203C0000E0E8FDE30E947B67FF91EF91E8E7F0E00E94E8690E94206700E00093B1070AE098
:203C20000093B207EF93FF93E2E9FDE30E947B67FF91EF910E94E8690E94206700E0009356
:203C4000B10703E10093B207EF93FF93E4EAFDE30E947B67FF91EF910E94E8690E9420670A
:203C600000E00093B1070CE10093B207EF93FF93E6EBFDE30E947B67FF91EF910E94E86994
:203C80000E94206700E00093B10705E20093B207EF93FF93E8ECFDE30E947B67FF91EF9141
:203CA0000E94E8690E94206700E00093B1070EE20093B207EF93FF93EAEDFDE30E947B6732
:203CC000FF91EF910E94E8690E94206700E00093B10709E30093B207EF93FF93ECEEFDE387
:203CE0000E947B67FF91EF91E2E0FEE304E0019FE00DF11D05910093B10705910093B2074B
:203D000005910093B30704910093B40700E00093B5070E9499660E9411690E94DD690830D1
:203D200009F40895043021F41A950AF415E058CF023029F41395163009F410E051CF01305C
:203D4000F1F4E8E7F0E002E0019FE00DF11DEF93FF930E94E869EAE1FEE304E0019FE00D3E
:203D6000F11DC591D59105901590E02DF12D0E94FD38A02DB12DFF91EF910E94EF6930CF89
:203D80004D696E696D756D207468726F74746C653A004865696768742044616D70656E6940
:203DA0006E673A0048656967687420442E204C696D6974203A00416C61726D20312F3130C2
:203DC00020766F6C74733A00536572766F2066696C746572202020203A0041636320535711
:203DE0002066696C7465722020203A004241434B2050524556204E455854204348414E4735
:203E0000450065007F0965097F1265127F1B651B7F2465247F2D652D7F36000014000000AD
:203E2000F40100001E000000007D00006400040040000E94666901E00093B50702E0009334
:203E4000B60700E00093B10701E00093B207EF93FF93EEE9FFE30E947B67FF91EF9100E00C
:203E60000093B1070EE00093B207EF93FF93ECEAFFE30E947B67FF91EF91E4E8F0E00E941F
:203E8000E8690E94206700E00093B10707E10093B207EF93FF93EAEBFFE30E947B67FF916A
:203EA000EF910E94E8690E94206700E00093B10700E20093B207EF93FF93E8ECFFE30E94A1
:203EC0007B67FF91EF910E94E8690E94206700E00093B10709E20093B207EF93FF93E6ED8B
:203EE000FFE30E947B67FF91EF910E94E8690E94206700E00093B10709E30093B207EF934B
:203F0000FF93E4EEFFE30E947B67FF91EF91EAEFFFE304E0019FE00DF11D05910093B107AC
:203F200005910093B20705910093B30704910093B40700E00093B5070E9499660E941169ED
:203F40000E94DD69083019F40E94C5270895043021F41A950AF413E06CCF023029F41395EE
:203F6000143009F410E065CF0130C1F4E4E8F0E002E0019FE00DF11D0E94E869C0E0D3E88F
:203F8000E0E0FDE70E94FD38A02DB12DE4E8F0E002E0019FE00DF11D0E94EF694ACF537408
:203FA00069636B205363616C696E6700526F6C6C202841696C2920203A0050697463682037
:203FC00028456C6529203A005961772028527564292020203A005468726F74746C65202023
:203FE00020203A004241434B2050524556204E455854204348414E4745004D0D6E164D1673
:204000006E1F4D1F6E284D286E310E94666901E00093B50702E00093B60706E00093B107F9
:2040200004E00093B207EF93FF93E6EBF4E40E947B67FF91EF9106E00093B1070DE000934E
:20404000B207EF93FF93EAECF4E40E947B67FF91EF9106E00093B10706E10093B207EF936B
:20406000FF93EEEDF4E40E947B67FF91EF9100E00093B10709E30093B207EF93FF93E8E325
:20408000F4E40E947B67FF91EF910E9411690E94DD69083009F40895013011F00C940520E7
:2040A0000E94111500913C08087106950695069500933C0800913D08087106950695069522
:2040C00000933D0800933E080091400807700093400810E00E94666901E00093B50702E091
:2040E0000093B60700E00093B10701E00093B207EF93FF93E2EFF3E40E947B67FF91EF91C8
:2041000004E60093B10700913C08003041F4EF93FF93E2E7F4E40E947B67FF91EF910130B6
:2041200041F4EF93FF93E6E7F4E40E947B67FF91EF91023041F4EF93FF93EAE7F4E40E9437
:204140007B67FF91EF91033041F4EF93FF93E0E8F4E40E947B67FF91EF9100E00093B10792
:204160000AE00093B207EF93FF93E2E0F4E40E947B67FF91EF9104E60093B10700913D08BC
:20418000003041F4EF93FF93E6E8F4E40E947B67FF91EF91013041F4EF93FF93E8E8F4E44A
:2041A0000E947B67FF91EF91023041F4EF93FF93EAE8F4E40E947B67FF91EF91033041F44A
:2041C000EF93FF93ECE8F4E40E947B67FF91EF9100E00093B10703E10093B207EF93FF931C
:2041E000E2E1F4E40E947B67FF91EF9104E60093B10700914008003041F4EF93FF93E0E940
:20420000F4E40E947B67FF91EF91013041F4EF93FF93E4E9F4E40E947B67FF91EF9102304D
:2042200041F4EF93FF93E8E9F4E40E947B67FF91EF91033041F4EF93FF93ECE9F4E40E942D
:204240007B67FF91EF91043041F4EF93FF93E0EAF4E40E947B67FF91EF91053041F4EF93CD
:20426000FF93E4EAF4E40E947B67FF91EF91063041F4EF93FF93E8EAF4E40E947B67FF9135
:20428000EF9100903D0810903E08011409F422C001E00093B5070FE00093B10707E2009309
:2042A000B207EF93FF93EEE4F4E40E947B67FF91EF9100E00093B50700E00093B10705E2B2
:2042C0000093B2070FE70093B30700E30093B4070E94996601E00093B50700E00093B10722
:2042E00008E30093B207EF93FF93E2E2F4E40E947B67FF91EF91EAEAF4E404E0019FE00D26
:20430000F11D05910093B10705910093B20705910093B30704910093B40700E00093B507D7
:204320000E9499660E9411690E94DD69083009F42BC0043021F41A950AF412E0CBCE023005
:2043400029F41395133009F410E0C4CE0130D9F4103031F400913C080395037000933C08BC
:20436000113031F400913D080395037000933D08123049F40091400803950770073009F483
:2043800000E000934008A6CE00913C08000F000F000F00933C0800913D0800933F08000F56
:2043A000000F000F00933D080091400800934008A0913C08E0EAF0E00E94026AA0913D08C0
:2043C0000E94026AA09140080E94026A0E94D8140E94406C00903F0810903E08011409F49D
:2043E0000895AA27EFE9F0E00E94026A0E94151808954779726F20286465672F7365632981
:204400003A0041636320202020282B2F2D2067293A0046696C7465722020202028487A2949
:204420003A004241434B2050524556204E455854204348414E4745004241434B202020201E
:204440002020202020434F4E54494E5545004163632043616C206F6E206578697421000028
:2044600020202020202020202020202020202020000032353000353030003130303000004F
:20448000323030300000320034003800313600003235360031383800393800003432000040
:2044A0003230000031300000350064007C0964097C1264127C1B205761726E696E672C20D1
:2044C0006368616E67696E67200074686573652073657474696E67202077696C6C00616687
:2044E00066656374205026492073657474696E6773000FEF0093FD070E94666901E0009330
:20450000B50704E00093B6070091E10700237AF402E20093B10706E10093B207EF93FF932B
:20452000E2EBFBE40E947B67FF91EF912BC300914B080023F2F000E00093B2070091F907A7
:20454000013064F406E20093B107EF93FF93E6EAFBE40E947B67FF91EF910BC002E2009306
:20456000B107EF93FF93ECEAFBE40E947B67FF91EF910091E10700238AF000E00093B107E5
:2045800009E30093B20702E00093B607EF93FF93E0E9FBE40E947B67FF91EF9100E00093EE
:2045A000B10700E00093B20700914B080023AAF40091F90701304CF4EF93FF93E8EDFCE4A7
:2045C0000E947B67FF91EF9108C0EF93FF93E2ECFCE40E947B67FF91EF910091E10700238D
:2045E0000AF4B5C200914D080023FAF40DE60093B10700E00093B20702E00093B607009122
:20460000EC0700234AF0EF93FF93E6E0FCE40E947B67FF91EF9127C0EF93FF93EAE0FCE457
:204620000E947B67FF91EF911EC003E70093B10700E00093B20702E00093B60700914C0890
:2046400000234AF0EF93FF93E2E0FCE40E947B67FF91EF9108C0EF93FF93EEEFFBE40E9479
:204660007B67FF91EF9100E00093B10702E10093B20702E00093B607EF93FF93E8EBFBE4F6
:204680000E947B67FF91EF910091EA0700234AF4EF93FF93E0EDFBE40E947B67FF91EF914F
:2046A00029C00091E9070023EAF40090EC0710904D0801200092F0070091F00700232AF0A8
:2046C00000914E08002372F004C000914F0800234AF0EF93FF93E8ECFBE40E947B67FF918A
:2046E000EF9108C0EF93FF93ECECFBE40E947B67FF91EF9100E00093B1070BE10093B207B0
:20470000EEEEFCE40091F907000FE00F0027F01FA591B491FD010E947B6700E00093400563
:204720000DE00093410500E4009342051091A3052091A4053091A5054091400550914105AA
:20474000609142050E948B6A70934005809341052092420500E000936F0608E00093700617
:2047600000E00093710630914005409141055091420560916F067091700680917106580F3E
:20478000471F361F30934005409341055093420560914005709141058091420509E00E94B3
:2047A0007C6A60934005709341058093420500E000936F0600E00093700600E0009371067D
:2047C00030914005409141055091420560916F0670917006809171065817470736074CF4F5
:2047E00000E00093400500E00093410500E00093420500E00093B10704E20093B20702E04F
:204800000093B607EF93FF93E6EDFBE40E947B67FF91EF910CE10093B107B0914005A091FF
:204820004105D09142050E9420670EE20E948167AD2FBB27B0934005A0934105D09342057E
:2048400000E000936F0600E0009370060AE0009371061091400520914105309142054091DD
:204860006F0650917006609171060E948B6A70934005809341052092420500E000936F06EB
:204880000AE00093700600E00093710630914005409141055091420560916F067091700619
:2048A00080917106581747073607F1F400E000936F0601E00093700600E000937106309114
:2048C0004005409141055091420560916F067091700680917106581B470B360B30934005E1
:2048E0004093410550934205B0914005A0914105D09142050E94206706E50E9481670CE343
:204900000093B10704E20093B20702E00093B607EF93FF93ECEDFBE40E947B67FF91EF9188
:2049200000E30093400504E80093410503E3009342053091A9054091AA055091AB056091C6
:2049400040057091410580914205580F471F361F30934005409341055093420500E0009393
:204960006F0601E00093700601E80093710610914005209141053091420540916F065091D9
:204980007006609171060E948B6A709340058093410520924205609140057091410580917A
:2049A000420509E00E947C6A609340057093410580934205B0914005A0914105D0914205BF
:2049C0000E9420670EE20E948167AD2FBB27B0934005A0934105D093420500E000936F06E3
:2049E00000E0009370060AE00093710610914005209141053091420540916F065091700658
:204A0000609171060E948B6A70934005809341052092420500E000936F060AE00093700622
:204A200000E00093710630914005409141055091420560916F067091700680917106581773
:204A400047073607F1F400E000936F0601E00093700600E00093710630914005409141050D
:204A60005091420560916F067091700680917106581B470B360B309340054093410550939F
:204A80004205B0914005A0914105D09142050E94206703E40E94816700E00093B1070DE276
:204AA0000093B207EF93FF93E2EEFBE40E947B67FF91EF91B091BA06A091BB06D091BC063D
:204AC00000910008002312F40E94206700E00093B10706E30093B207EF93FF93E0EFFBE4C9
:204AE0000E947B67FF91EF91B091BD06A091BE06D091BF0600910008002312F40E94206718
:204B000000E00093B10700E00093B20700E00093400502E00093410500E000934205309150
:204B2000E4064091E5065091E60660914005709141058091420558174707360744F0B091BE
:204B4000E406A091E506D091E6060E94206700914B080023BAF400914A080F3F99F0A02F9B
:204B6000E0ECFCE104E10A9FE00DF11D00E00093B10709E00093B207B3E105910E948167EF
:204B8000BA95DAF70E94116900270093FD070895202020202020202020202020202020207E
:204BA000204D454E5500423A3D3C00003C41414041003A413E3C3B0053656C662D6C65763E
:204BC000656C2069732000004F4E00004F4646004E6F6E650000426174743A0054656D7085
:204BE0003A0020526F6C6C20416E676C653A0000506974636820416E676C653A00005031C7
:204C000000005032000050493100504932004F4B2E004572726F723A2043616C69627261A3
:204C200074652041434320004572726F723A206E6F20526F6C6C20696E7075742000457273
:204C4000726F723A206E6F20506974636820696E707574004572726F723A206E6F20546845
:204C6000726F20696E70757420004572726F723A206E6F2059617720696E707574202000C1
:204C80004572726F723A206E6F2041555820696E7075742020004572726F723A2053616EAF
:204CA00069747920636865636B2020004572726F72204E6F204D6F746F72204C61796F75FE
:204CC000740020202020202020204552524F522020202020202020002020202020202020D6
:204CE00053414645202020202020202020000E4C124C284C3E4C544C6A4C804C964CAC4CC3
:204D00000090E3071090FB0701200092F0070090F0071090E10701200092F0070091F0078C
:204D2000002342F000E00093AB060093AC060093AD063AC03091AB064091AC0601E0400F50
:204D40000027301F3093AB064093AC060FE10093400500E40093410500E0009342053091E4
:204D6000AB064091AC065091AD06609140057091410580914205581747073607A9F400E01F
:204D80000093AB060093AC060093AD0600270093E1070FEF0093E7070091FC0700231AF45E
:204DA0000FEF0093F80708950091E307002392F50EEF009340050CE00093410500E0009394
:204DC000420530915205409153055091540560914005709141058091420558174707360742
:204DE000ECF001E00093400504EF0093410500E0009342053091520540915305509154051D
:204E000060914005709141058091420558174707360724F400E00093E40708950091E40734
:204E200003950093E4070091E4070F3F09F0ACC0B0915205A0915305D0915405BB232AF456
:204E40000091F907003011F008953EC00FEF0093E10700270093F80701E00093A2060CE2B9
:204E60000093A30600E00093A4060E949A1A00E00093E4060093E5060093E60600E00093B6
:204E800044070093450700934607009347070093480700E00093490700934A0700934B07B9
:204EA00000934C0700934D0701E000934E0700E000934F0700E00093500700E000935107FE
:204EC00000E0009352070FC000270093E10700270093F80700E00093A20606E90093A30696
:204EE00000E00093A4060FEF0093F7070FEF0093E70703E000939F0600E20093A00600E071
:204F00000093A10600E00093AB060093AC060093AD0601E00093400504EF0093410500E043
:204F2000009342053091490540914A0550914B0560914005709141058091420558174707A5
:204F40003607D4F40EEF009340050CE00093410500E0009342053091490540914A055091E8
:204F60004B056091400570914105809142055817470736072CF008C00FEF0093EB0704C0E7
:204F800000270093EB0700C00895EFECF0E00E94546A00934D0800914D08002322F40FEFF8
:204FA00000934C0806C0EEECF0E00E94546A00934C0810E4A0E0B5E0E4E0F0E00E941E6A8C
:204FC0000D9331961A95D1F7E4E4F0E00E944330009140050093C105009141050093C205E6
:204FE000009142050093C3050E9443300E946330009140050093CA05009141050093CB05C2
:20500000009142050093CC050E9443300E943330009140050093D305009141050093D405B6
:20502000009142050093D5050E9443300E946330009140050093DC05009141050093DD054B
:20504000009142050093DE050E944330009140050093C405009141050093C50500914205AF
:205060000093C6050E9443300E946330009140050093CD05009141050093CE050091420538
:205080000093CF050E9443300E943330009140050093D605009141050093D705009142052D
:2050A0000093D8050E9443300E946330009140050093DF05009141050093E00500914205C2
:2050C0000093E1050E944330009140050093C705009141050093C805009142050093C9059D
:2050E0000E9443300E946330009140050093D005009141050093D105009142050093D205A6
:205100000E9443300E943330009140050093D905009141050093DA05009142050093DB059A
:205120000E9443300E946330009140050093E205009141050093E305009142050093E4052F
:20514000E4E4F0E00E945330009140050093E505009141050093E605009142050093E70593
:205160000E9453300E946330009140050093EE05009141050093EF05009142050093F005BB
:205180000E9453300E943330009140050093F705009141050093F805009142050093F905B0
:2051A0000E9453300E94633000914005009300060091410500930106009142050093020642
:2051C0000E945330009140050093E805009141050093E905009142050093EA050E9453307D
:2051E0000E946330009140050093F105009141050093F205009142050093F3050E94533032
:205200000E943330009140050093FA05009141050093FB05009142050093FC050E94533026
:205220000E9463300091400500930306009141050093040600914205009305060E945330B8
:20524000009140050093EB05009141050093EC05009142050093ED050E9453300E946330E3
:20526000009140050093F405009141050093F505009142050093F6050E9453300E943330D8
:20528000009140050093FD05009141050093FE05009142050093FF050E9453300E9463306D
:2052A00000914005009306060091410500930706009142050093080618E0E0E0F5E0058176
:2052C000889401FD0894A795889400FD0894B79538961A95A1F7A093DA07B093DB0708E0A5
:2052E000009340050CEA0093410500E00093420500E00093F307EF93FF93309140054091F5
:20530000410550914205EFE3F6E06091F30703E0609FE00DF11D319341935193FF91EF9123
:205320000091F30703950093F3070091F307083011F7E8E7F0E00E94433000E000936F0656
:205340000CE20093700606E60093710610914005209141053091420540916F0650917006DE
:20536000609171060E948B6A7093090680930A0620920B06002700935208E4E8F0E00E94E4
:205380004330BB237AF4A095B09501E0A00F0027B01FB0934005A0934105D09342050FEFA5
:2053A000009352080E9433300091400500930C060091410500930D060091420500930E0684
:2053C000002700935308E6E8F0E00E944330BB237AF4A095B09501E0A00F0027B01FB09376
:2053E0004005A0934105D09342050FEF009353080E9433300091400500930F0600914105FF
:20540000009310060091420500931106002700935408E8E8F0E00E944330BB237AF4A09515
:20542000B09501E0A00F0027B01FB0934005A0934105D09342050FEF009354080E94333004
:20544000009140050093120600914105009313060091420500931406EAE8F0E00E9443300C
:20546000BB2362F4A095B09501E0A00F0027B01FB0934005A0934105D09342050E94333048
:20548000009140050093150600914105009316060091420500931706E4E8F0E00E945330B9
:2054A000BB2362F4A095B09501E0A00F0027B01FB0934005A0934105D09342050E94333008
:2054C000009140050093180600914105009319060091420500931A06E6E8F0E00E9453306E
:2054E000BB2362F4A095B09501E0A00F0027B01FB0934005A0934105D09342050E943330C8
:205500000091400500931B060091410500931C060091420500931D06E8E8F0E00E94533022
:20552000BB2362F4A095B09501E0A00F0027B01FB0934005A0934105D09342050E94333087
:205540000091400500931E060091410500931F060091420500932006EAE8F0E00E945330D7
:20556000BB2362F4A095B09501E0A00F0027B01FB0934005A0934105D09342050E94333047
:20558000009140050093210600914105009322060091420500932306E0E8F0E00E944330A8
:2055A00000E000936F0604E60093700600E00093710630916F064091700650917106609160
:2055C00040057091410580914205581B470B360B30939C0640939D0650939E0660919C06EC
:2055E00070919D0680919E0607E00E947C6A60939C0670939D0680939E06E0E7F0E00E94B8
:205600004330009140050093720600914105009373060091420500937406002700934E085E
:2056200000E0009340050093410500934205309172064091730650917406609140057091EA
:2056400041058091420558174707360719F40FEF00934E08E2E7F0E00E94433000E000939D
:205660006F060AE00093700600E00093710610914005209141053091420540916F065091CC
:205680007006609171060E948B6A709375068093760620927706E0E7F0E00E94533000910C
:2056A00040050093780600914105009379060091420500937A06002700934F0800E000933C
:2056C00040050093410500934205309178064091790650917A066091400570914105809154
:2056E000420558174707360719F40FEF00934F08E2E7F0E00E94533000E000936F060AE0E4
:205700000093700600E00093710610914005209141053091420540916F0650917006609123
:2057200071060E948B6A70937B0680937C0620927D06EAE7F0E00E944330009140050093EE
:205740007E060091410500937F060091420500938006ECE7F0E00E9443300E946330009167
:2057600040050093810600914105009382060091420500938306E8EAF0E00E94433000E04D
:2057800000936F0604E00093700600E00093710610914005209141053091420540916F06FF
:2057A00050917006609171060E948B6A7093E7068093E8062092E906EEE7F0E00E94433047
:2057C00000E000936F0603E0009370060DED0093710610914005209141053091420540913B
:2057E0006F0650917006609171060E948B6A70938406809385062092860630918406409159
:205800008506509186066091E7067091E8068091E906580F471F361F3093840640938506F6
:2058200050938606E2E8F0E00E94433060914005709141058091420508E00E947C6A609312
:20584000400570934105809342050091400500938706009141050093880600914205009307
:205860008906E4E7F0E00E94433060914005709141058091420503E00E947C6A6093400571
:205880007093410580934205009140050093A506009141050093A606009142050093A70623
:2058A000E6E7F0E00E94433060914005709141058091420503E00E947C6A609340057093BB
:2058C000410580934205009140050093A806009141050093A906009142050093AA06E7E90D
:2058E000F0E00E9443300E943330009140050093CC06009141050093CD06009142050093DB
:20590000CE06E9E9F0E00E9443300E948130009140050093CF06009141050093D00600919A
:2059200042050093D106EBE9F0E00E9443300E943330009140050093D2060091410500934D
:20594000D306009142050093D406EDE9F0E00E9443300E948130009140050093D506009146
:2059600041050093D606009142050093D706EDE5F0E00E940A6AB0939105A0939205D0936C
:2059800093050E940A6AB0939405A0939505D09396050E940A6AB0939705A0939805D0938A
:2059A000990500270093E807009351080093EA07E1E9F0E00E941E6AE1E9F0E00E94F669D1
:2059C000A0935008A03021F400270093E8070FC0A13021F40FEF0093E80709C0A23021F4C9
:2059E0000FEF0093510803C00FEF0093EA07E2E9F0E00E941E6A0093DE07E3E9F0E00E94FD
:205A00001E6A0093FB0701E00093DD0705E00093DC070FEF0093E70700270093FD07002752
:205A20000093E10700270093E2070AEF0093D90700E00093EE0700E00093AB060093AC060B
:205A40000093AD0603E00093A6050FEF0093A70500E00093A80500E00093A2060093A3062B
:205A60000093A40600E000939F060093A0060093A10600E00093B1060093B2060093B3069D
:205A800000E00093B4060093B5060093B60600270093F70700270093F60700270093FF070D
:205AA00000270093000800E00093B7060093B8060093B90600E00093440700934507009321
:205AC0004607009347070093480700E00093490700934A0700934B0700934C0700934D075D
:205AE00001E000934E0700E000934F0700E00093500700E00093510700E00093520700E0D3
:205B00000093BA060093BB060093BC0600E00093BD060093BE060093BF0600913D08087155
:205B20000695069506950330BCF40230B4F40130ACF400E00093DE0600E80093DF0600E06F
:205B40000093E00600E00093E10600E00093E20604E50093E3063AC027C013C000E000938B
:205B6000DE0600E40093DF0600E00093E00600E00093E10600E00093E20608EA0093E30669
:205B800025C000E00093DE0600E20093DF0600E00093E00600E00093E10601E00093E20660
:205BA00001E50093E30612C000E00093DE0600E10093DF0600E00093E00600E00093E1064E
:205BC00002E00093E20603EA0093E30601E000932B0704ED00932C0700E800932D0708E407
:205BE00000932E0706E600932F0700913C08087106950695069503302CF402303CF4013023
:205C00004CF40CC004E0009347080BC002E00093470807C001E00093470803C000E0009363
:205C20004708EAEAF0E00E941E6A00934608E3EAF0E00E941E6A00934108E4EAF0E00E9483
:205C40001E6A00934208E5EAF0E00E941E6A00934308E6EAF0E00E941E6A00934408E6E9C0
:205C6000F0E00E941E6A0093FC07E5E9F0E00E941E6A00934508E7EAF0E00E941E6A00938E
:205C80004B08EEEAF0E00091DB0706950093F407A0F400E00093EA0600E00093EB0600E032
:205CA0000093EC0602E00093ED060BE20093EE0600E00093EF06349620C00E9443300E94BA
:205CC0009F30009140050093EA06009141050093EB06009142050093EC060E9443300E942D
:205CE0009F30009140050093ED06009141050093EE06009142050093EF060091F407069594
:205D00000093F407A0F400E00093F00600E00093F10600E00093F20602E00093F3060BE2C8
:205D20000093F40600E00093F506349620C00E9443300E949F30009140050093F006009148
:205D400041050093F106009142050093F2060E9443300E949F30009140050093F306009197
:205D600041050093F406009142050093F5060091F40706950093F407A0F400E00093F60632
:205D800000E00093F70600E00093F80602E00093F9060BE20093FA0600E00093FB063496F0
:205DA00020C00E9443300E949F30009140050093F606009141050093F70600914205009346
:205DC000F8060E9443300E949F30009140050093F906009141050093FA0600914205009302
:205DE000FB060091F40706950093F407A0F400E00093FC0600E00093FD0600E00093FE06F7
:205E000002E00093FF060BE20093000700E000930107349620C00E9443300E949F30009145
:205E200040050093FC06009141050093FD06009142050093FE060E9443300E949F30009195
:205E400040050093FF06009141050093000700914205009301070091F40706950093F407CC
:205E6000A0F400E00093020700E00093030700E00093040702E0009305070BE20093060709
:205E800000E000930707349620C00E9443300E949F30009140050093020700914105009375
:205EA000030700914205009304070E9443300E949F300091400500930507009141050093FD
:205EC000060700914205009307070091F40706950093F407A0F400E00093080700E00093FE
:205EE000090700E000930A0702E000930B070BE200930C0700E000930D07349620C00E9421
:205F000043300E949F30009140050093080700914105009309070091420500930A070E948D
:205F200043300E949F300091400500930B070091410500930C070091420500930D07009175
:205F4000F40706950093F407A0F400E000930E0703E000930F0700E00093100709E000936F
:205F6000110704EC0093120700E000931307349620C00E9443300E94E33000914005009303
:205F80000E070091410500930F0700914205009310070E9443300E94E330009140050093B7
:205FA0001107009141050093120700914205009313070091F407069598F400E00093140780
:205FC00003E00093150700E00093160709E00093170704EC0093180700E00093190720C0F0
:205FE0000E9443300E94E33000914005009314070091410500931507009142050093160745
:206000000E9443300E94E3300091400500931707009141050093180700914205009319071B
:206020000091F90707700093F907EDEAF0E00E941E6A00934A080F3F09F004C008E0009389
:20604000F90708950091EA07002352F0EFE9F0E00E941E6A002322F001E00093F9070895A4
:206060000E944031089560914005709141058091420504E00E947C6A6093400570934105AE
:206080008093420508950E941E6A3196A02F0E941E6A3196B02FDD27B0934005A093410574
:2060A000D093420508950E94686A3196A02F0E94686A3196B02FDD27B0934005A093410570
:2060C000D0934205089500E000936F0601E70093700609EA009371061091400520914105C6
:2060E0003091420540916F0650917006609171060E948B6A70934005809341052092420562
:20610000089500E000936F060CE20093700606E60093710610914005209141053091420528
:2061200040916F0650917006609171060E948B6A709340058093410520924205089500E0AC
:2061400000936F0605E0009370060CE80093710610914005209141053091420540916F0620
:2061600050917006609171060E948B6A70934005809341052092420502E000936F060BE258
:206180000093700600E00093710630914005409141055091420560916F06709170068091D9
:2061A00071065817470736070CF4089500916F06009340050091700600934105009171060B
:2061C00000934205089500E000936F0609E10093700600E0009371061091400520914105A6
:2061E0003091420540916F0650917006609171060E948B6A70934005809341052092420561
:2062000009E000936F0604EC0093700600E000937106309140054091410550914205609174
:206220006F067091700680917106581747073607D4F400E000936F0603E00093700600E074
:206240000093710630914005409141055091420560916F06709170068091710658174707CD
:2062600036070CF0089500916F06009340050091700600934105009171060093420508950B
:206280000E94666901E00093B50702E00093B607B0910906A0910A06D0910B06C0E0D0E0D8
:2062A000E8E7F3E00E94B93208F4D1C0B0917E06A0917F06D0918006C0E0D0E0E5EFF1E0CB
:2062C0000E94B93208F4C3C0B0918106A0918206D0918306C0E0D0E0E3E5FDE00E94B932C5
:2062E00008F4B5C0B0917005A0917105D0917205C0E9D1E0E6E7F2E00E94B93208F4C4C0F2
:20630000B0917305A0917405D0917505C0E9D1E0E6E7F2E00E94B93208F4B6C0B09176058B
:20632000A0917705D0917805C0E9D1E0E6E7F2E00E94B93208F4A8C00091EA07002352F100
:20634000B0919105A0919205D0919305C2ECD1E0E2E5F3E00E94B93208F496C0B0919405F3
:20636000A0919505D0919605C2ECD1E0E2E5F3E00E94B93208F488C0B0919705A0919805E1
:20638000D0919905C2ECD1E0E2E5F3E00E94B93208F47AC00E9421640E942164B091670547
:2063A000A0916805D0916905C4E6D0E0E4E8F3E00E94B93208F485C0B0916A05A0916B0558
:2063C000D0916C05C4E6D0E0E4E8F3E00E94B93208F477C0B0916D05A0916E05D0916F0506
:2063E000C4E6D0E0E4E8F3E00E94B93208F469C00091EA07002352F1B0918805A09189057D
:20640000D0918A05C4E6D0E0E4E8F3E00E94B93208F457C0B0918B05A0918C05D0918D056D
:20642000C4E6D0E0E4E8F3E00E94B93208F449C0B0918E05A0918F05D0919005C4E6D0E0E8
:20644000E4E8F3E00E94B93208F43BC0089500E00093B1070FE00093B207EF93FF93E6E834
:20646000F5E60E947B67FF91EF9100E00093B10708E10093B207EF93FF93EAE9F5E60E94E9
:206480007B67FF91EF9139C000E00093B1070FE00093B207EF93FF93ECEDF5E60E947B675F
:2064A000FF91EF9100E00093B10708E10093B207EF93FF93E0EFF5E60E947B67FF91EF911A
:2064C0001CC000E00093B1070FE00093B207EF93FF93E4E0F6E60E947B67FF91EF9100E052
:2064E0000093B10708E10093B207EF93FF93E0EFF5E60E947B67FF91EF9107E00093F90750
:2065000000E00093B10708E20093B207EF93FF93E0EBF5E60E947B67FF91EF9103E2009354
:20652000B10701E00093B207EF93FF93E4E1F6E60E947B67FF91EF9100E00093B10709E316
:206540000093B207EF93FF93E6ECF5E60E947B67FF91EF910E941169299AD7E2C0E00E94C0
:20656000BE69DA95D9F729980E94DD690130E1F70895AC17BD072CF0AE17BF0714F4889414
:206580000895089408954F6E65206F72206D6F72652073657474696E67006973206F7574BD
:2065A0007369646520697473206C696D69747300436865636B20796F7572207365747469FE
:2065C0006E67732E000020202020202020202020202020434F4E54494E55450053656E73A7
:2065E0006F722063616C6962726174696F6E000064617461206F7574206F66206C696D6940
:2066000074732E0053656E736F72207261772064617461005741524E494E472100000E94EE
:20662000666901E00093B50702E00093B60700E00093B10700E00093B207EF93FF93E8E7EF
:20664000FDE60E947B67FF91EF91B0917005A0917105D09172050E94206700E00093B1073A
:206660000090B20708E0000E0092B207EF93FF93E8E8FDE60E947B67FF91EF91B09173057C
:20668000A0917405D09175050E94206700E00093B1070090B20708E0000E0092B207EF9315
:2066A000FF93E8E9FDE60E947B67FF91EF91B0917605A0917705D09178050E94206700E0B0
:2066C0000093B1070090B20708E0000E0092B207EF93FF93E6EAFDE60E947B67FF91EF918A
:2066E000B0919105A0919205D09193050E94206700E00093B1070090B20708E0000E0092DD
:20670000B207EF93FF93E2EBFDE60E947B67FF91EF91B0919405A0919505D09196050E9425
:20672000206700E00093B1070090B20708E0000E0092B207EF93FF93EEEBFDE60E947B67C9
:20674000FF91EF91B0919705A0919805D09199050E94206700E00093B1070090B20708E0FA
:20676000000E0092B207EF93FF93EAECFDE60E947B67FF91EF91B0910906A0910A06D0916D
:206780000B060E94206700E00093B1070090B20708E0000E0092B207EF93FF93E8EDFDE63E
:2067A0000E947B67FF91EF91B0918406A0918506D09186060E9420670E9411690E94DD69A4
:2067C0000E94666900E00093B10700E00093B207EF93FF93EAEEFDE60E947B67FF91EF918E
:2067E00000E00093400504E60093410500E0009342051091400520914105309142054091AE
:206800009C0650919D0660919E060E948B6A709340058093410520924205B0914005A091D5
:206820004105D09142050E94206700E00093B1070090B20708E0000E0092B207EF93FF9378
:20684000E8EFFDE60E947B67FF91EF91B0914407A0914507D0914607C091470749D300E098
:206860000093B1070090B20708E0000E0092B207EF93FF93E2E0FEE60E947B67FF91EF91F5
:20688000B0914907A0914A07D0914B07C0914C072FD300E00093B1070090B20708E0000E22
:2068A0000092B207EF93FF93ECE0FEE60E947B67FF91EF91B0914E07A0914F07D091500760
:2068C000C091510715D300E00093B1070090B20708E0000E0092B207EF93FF93E6E1FEE6B3
:2068E0000E947B67FF91EF91B0918A06A0918B06D0918C060E94206700E00093B10700909A
:20690000B20708E0000E0092B207EF93FF93E6E2FEE60E947B67FF91EF91B0918D06A09124
:206920008E06D0918F060E94206700E00093B1070090B20708E0000E0092B207EF93FF93DB
:20694000E6E3FEE60E947B67FF91EF91B091A305A091A405D091A5050E94206700E000938C
:20696000B1070090B20708E0000E0092B207EF93FF93E6E4FEE60E947B67FF91EF91B0913E
:206980005307A0915407D0915507C0915607B0D20E9411690E94DD690E94666900E000933C
:2069A000B10700E00093B207EF93FF93E2E5FEE60E947B67FF91EF9103E40093AD070E94D0
:2069C000B064B02F04E40093AD070E94B064A02FDD270E94206700E00093B1070090B2076F
:2069E00008E0000E0092B207EF93FF93EEE5FEE60E947B67FF91EF9105E40093AD070E9425
:206A0000B064B02F06E40093AD070E94B064A02FDD270E94206700E00093B1070090B2072C
:206A200008E0000E0092B207EF93FF93EAE6FEE60E947B67FF91EF9107E40093AD070E94E5
:206A4000B064B02F08E40093AD070E94B064A02FDD270E94206700E00093B1070090B207EA
:206A600008E0000E0092B207EF93FF93E6E7FEE60E947B67FF91EF910BE30093AD070E94A5
:206A8000B064B02F0CE30093AD070E94B064A02FDD270E94206700E00093B1070090B207A7
:206AA00008E0000E0092B207EF93FF93E2E8FEE60E947B67FF91EF910DE30093AD070E9466
:206AC000B064B02F0EE30093AD070E94B064A02FDD270E94206700E00093B1070090B20765
:206AE00008E0000E0092B207EF93FF93EEE8FEE60E947B67FF91EF910FE30093AD070E9418
:206B0000B064B02F00E40093AD070E94B064A02FDD270E94206700E00093B1070090B20731
:206B200008E0000E0092B207EF93FF93EAE9FEE60E947B67FF91EF9101E40093AD070E94E7
:206B4000B064B02F02E40093AD070E94B064A02FDD270E9420670E941169D5E0C0E00E9450
:206B6000BE69DA95D9F70E94CC69003011F40C94CC3409E1A0E0EAE1F8E0A1930A95E9F743
:206B80000E9466690E94845601E00093B50702E00093B60700E00093B10700E00093B2074F
:206BA000A0911A08B0E00E9420670EE10093B107A0911B08B0E00E9420670CE30093B10748
:206BC000A0911C08B0E00E9420670AE50093B107A0911D08B0E00E94206700E00093B10733
:206BE00009E00093B207A0911E08B0E00E9420670EE10093B107A0911F08B0E00E94206705
:206C00000CE30093B107A0912008B0E00E9420670AE50093B107A0912108B0E00E942067DB
:206C200000E00093B10702E10093B207A0912208B0E00E9420670EE10093B107A091230850
:206C4000B0E00E9420670CE30093B107A0912408B0E00E9420670AE50093B107A091250893
:206C6000B0E00E94206700E00093B1070BE10093B207A0912608B0E00E9420670EE100935E
:206C8000B107A0912708B0E00E9420670CE30093B107A0912808B0E00E9420670AE500934D
:206CA000B107A0912908B0E00E94206700E00093B10706E20093B207A0912A08B0E00E940D
:206CC00020670EE10093B107A0912B08B0E00E9420670CE30093B107A0912C08B0E00E9405
:206CE00020670AE50093B107A0912D08B0E00E94206700E00093B1070FE20093B207A0911B
:206D00002E08B0E00E9420670EE10093B107A0912F08B0E00E9420670CE30093B107A091BE
:206D20003008B0E00E9420670AE50093B107A0913108B0E00E94206700E00093B10708E3EF
:206D40000093B207A0913208B0E00E9420670E941169D5E0C0E00E94BE69DA95D9F70E94A8
:206D6000CC69003009F001C00BCFD5E0C0E00E94BE69DA95D9F708954779726F526F6C6CE6
:206D80005A65726F3A2000004779726F50697463685A65726F3A20004779726F5961775A3A
:206DA00065726F3A2000416363585A65726F3A200000416363595A65726F3A2000004163DC
:206DC000635A5A65726F3A2000004573634C6F774C696D69743A200042617474416C61724B
:206DE0006D566F6C746167653A00536572766F46696C7465723A2000566563746F72583A46
:206E00002000566563746F72593A2000566563746F725A3A2000416363416E676C65526F56
:206E20006C6C3A200000416363416E676C6550697463683A200042617474657279566F6CD4
:206E4000746167653A00566563746F724C656E3A20004779726F585261773A20000047792E
:206E6000726F595261773A2000004779726F5A5261773A20000041636358526177203A20D2
:206E8000000041636359526177203A2000004163635A526177203A20000054656D705261A0
:206EA00077203A200000536174656C6C6974652042756666657200004575416E67526F6CC3
:206EC0006C20203A2000416363416E67526F6C6C203A20004575416E675069746368203A5A
:206EE0002000416363416E6750697463683A20000B2F1FD00A2F1DD00D2F1BD00C2F19D069
:206F000008950B2F16D00A2F14D00D2F12D00C2F10D00F2F0ED008950B2F0BD00A2F09D07E
:206F20000D2F07D00C2F05D00F2F03D00E2F01D00895EF93FF930F9302950F7006D00F9130
:206F40000F7003D0FF91EF910895ECE5FFE6E00F0027F01F04910E948167089530313233D5
:206F6000343536373839414243444546112722270E94666901E00093B50702E00093B607E1
:206F800000E00093B10701E00093B207EF93FF93E4E4F1E70E947B67FF91EF91A22FAA9541
:206FA0004AF4EF93FF93E2E7F1E70E947B67FF91EF9113C0AA954AF4EF93FF93E2E8F1E744
:206FC0000E947B67FF91EF9108C0EF93FF93E4E9F1E70E947B67FF91EF9100E00093B107DD
:206FE0000EE00093B207EF93FF93EAE4F1E70E947B67FF91EF9130E0DFD00E94206700E041
:207000000093B1070090B20709E0000E0092B207EF93FF93E4E5F1E70E947B67FF91EF9151
:2070200031E0CAD00E94206700E00093B1070090B2070BE0000E0092B207EF93FF93EEE5DD
:20704000F1E70E947B67FF91EF9132E0B5D00E94206700E00093B1070090B20709E0000E99
:207060000092B207EF93FF93E8E6F1E70E947B67FF91EF9133E0A0D00E94206700E0009358
:20708000B10709E30093B207EF93FF93E2EAF1E70E947B67FF91EF91E0E3F1E704E0019F95
:2070A000E00DF11D05910093B10705910093B20705910093B30704910093B40700E00093D9
:2070C000B5070E9499660E9411690E94DD69083009F40895043021F41A950AF414E048CF7C
:2070E000023029F41395153009F410E041CF0130F1F4103029F42395233009F4222738CF8C
:20710000312F3A9559D0C0E0D0E0E0E0FDE70E94FD38A02DB12D59D0223049F00091DE0777
:2071200000232AF42F9301E020274FD02F9120CF1D007F0A340D56163416561F3421562A6F
:20714000342A5633417869733A0050204761696E203A200050204C696D69743A20004920DE
:207160004761696E203A200049204C696D69743A2000526F6C6C202841696C65726F6E2980
:20718000000050697463682028456C657661746F722900005961772028527564646572293C
:2071A00000004241434B2050524556204E455854204348414E47450011D00E941E6AA02F62
:2071C00031960E941E6AB02F089508D00A2F0E94366A31960B2F0E94366A0895E4E4F0E077
:2071E000022F000F000F000FE00F0027F01F032F000FE00F0027F01F08952F923F924F9296
:207200005F926F927F928F921F932F933F934F935F936F937F938F939F93AF93BF93CF93D2
:20722000DF93EF93FF9311E002E00093B50702E00093B60700E00093B10708E30093B20712
:207240000FE70093B30700E40093B4070E94996601E00093B50700E00093B10709E300933E
:20726000B207EF93FF93E6E8F3E70E947B67FF91EF910EE10093B10703E10093B20702E6B3
:207280000093B3070AE20093B40702E00093B5070E9499660EE10093B10703E10093B2072B
:2072A00002E60093B3070AE20093B40701E00093B5070E94D5660FE10093B10704E100939F
:2072C000B20701E60093B30709E20093B4070E94D56602E20093B10708E10093B20704E063
:2072E0000093B6070E9420670E9411692EE10E94CC69003011F02A95D1F7003009F411E03D
:207300000E94CC690030C9F30E94BB0B083039F4A0E0B0E0AC17BD070CF4DE01AACF0430BA
:2073200061F4A11B0027B00BAC17BD070CF4DE0113951F3F08F01FEF9CCF023041F4A10F66
:207340000027B01FAE17BF070CF0DF01F1CF0130C9F40A2E1B2EFF91EF91DF91CF91BF9171
:20736000AF919F918F917F916F915F914F913F912F911F918F907F906F905F904F903F9093
:207380002F90089576CF434C522020444F574E2020205550202020444F4E45000091F907D7
:2073A00007700093F90710E022270E94666901E00093B50702E00093B60706E60093B10780
:2073C00001E00093B207EF93FF93E4E6F6E70E947B67FF91EF91A22FA395BB270E9420671D
:2073E00000E00093B10701E00093B207EF93FF93E8E2F6E70E947B67FF91EF9130E04FD1B6
:2074000062D10E94206700E00093B1070090B20709E0000E0092B207EF93FF93E4E3F6E7A2
:207420000E947B67FF91EF9131E039D14CD10E94206700E00093B1070090B20709E0000EEC
:207440000092B207EF93FF93E0E4F6E70E947B67FF91EF9132E023D136D10E94206700E082
:207460000093B1070090B20709E0000E0092B207EF93FF93ECE4F6E70E947B67FF91EF91E1
:2074800033E00DD120D10E94206700E00093B1070090B20709E0000E0092B207EF93FF9317
:2074A000E8E5F6E70E947B67FF91EF9134E0F7D00AD10E94206700E00093B1070090B2073B
:2074C00009E0000E0092B207EF93FF93E8E6F6E70E947B67FF91EF9135E0E1D00F9300FFB0
:2074E00009C0EF93FF93E0E9F6E70E947B67FF91EF9108C0EF93FF93EAE8F6E70E947B6766
:20750000FF91EF9105E40093B107EF93FF93EEE6F6E70E947B67FF91EF910F9101FF09C065
:20752000EF93FF93E4E9F6E70E947B67FF91EF9108C0EF93FF93EAE9F6E70E947B67FF9159
:20754000EF9100E00093B10709E30093B207EF93FF93E4E7F6E70E947B67FF91EF91E8E030
:20756000F6E704E0019FE00DF11D05910093B10705910093B20705910093B30704910093E1
:20758000B40700E00093B5070E9499660E9411690E94DD69083009F40895043019F41A959A
:2075A000177003CF023019F413951770FECE013051F5103019F423952770F7CE113078F0B7
:2075C000163068F4312F3A956AD07DD0C1E8DFEFEFE7F0E00E94FD38002D64D0E6CE163004
:2075E00041F435E05CD0A1E00A2700FD02605AD0DCCE173041F435E052D0A2E00A2700FDCD
:20760000026050D0D2CED1CE78007F0A3A0056093A0956123A12561B3A1B56243A24562DF7
:207620001D2D3C36632D7C365468726F74746C653A20000041696C65726F6E203A20000058
:20764000456C657661746F723A20000052756464657220203A2000004F66667365742020E7
:207660003A20000043483A00547970653A00526174653A004241434B2050524556204E4528
:207680005854204348414E474500536572766F00455343004869676800004C6F770007D005
:2076A0000C941E6A0F9303D00F910C94366AE4E0F0E0022F000F000F000FE00F0027F01F36
:2076C000E30FF01F0895A02FBB27AA230AF4BFEF0895E0E0F5E0D6D000912406009357065F
:2076E000009125060093580600912606009359060091400500932706009141050093280600
:207700000091420500932906E8E0F5E0BBD00091240600935A060091250600935B060091B8
:20772000260600935C060091400500932A060091410500932B060091420500932C06E0E196
:20774000F5E0A0D00091240600935D060091250600935E060091260600935F0600914005F5
:2077600000932D060091410500932E060091420500932F06E8E1F5E085D0009124060093C4
:2077800060060091250600936106009126060093620600914005009330060091410500930C
:2077A00031060091420500933206E0E2F5E06AD000912406009363060091250600936406AE
:2077C000009126060093650600914005009333060091410500933406009142050093350602
:2077E000E8E2F5E04FD0009124060093660600912506009367060091260600936806009106
:2078000040050093360600914105009337060091420500933806E0E3F5E034D000912406AD
:20782000009369060091250600936A060091260600936B0600914005009339060091410547
:2078400000933A060091420500933B06E8E3F5E019D00091240600936C0600912506009311
:207860006D060091260600936E060091400500933C060091410500933D060091420500930E
:207880003E060895DD27A481BB27AA2312F4DFEFBFEFB0932406A0932506D093260600E073
:2078A000009340050CE20093410506E60093420510912406209125063091260640914005B9
:2078C00050914105609142050E948B6A709324068093250620922606B0912406A0912506A2
:2078E000D0912606008130914F0540915005509151050E94D16A01813091AC054091AD05B4
:207900005091AE050E94D16A02813091AF054091B0055091B1050E94D16A03813091B20508
:207920004091B3055091B4050E94D16AB0934005A0934105D093420508950E942164309117
:2079400067054091680550916905609170057091710580917205581B470B360B3093670594
:20796000409368055093690530916A0540916B0550916C0560917305709174058091750545
:20798000581B470B360B30936A0540936B0550936C0530916D0540916E0550916F0560915B
:2079A00076057091770580917805581B470B360B30936D0540936E0550936F05309188051B
:2079C0004091890550918A05609191057091920580919305581B470B360B309388054093E7
:2079E000890550938A0530918B0540918C0550918D05609194057091950580919605581B1D
:207A0000470B360B30938B0540938C0550938D0530918E0540918F055091900560919705EB
:207A20007091980580919905581B470B360B30938E0540938F0550939005009141080230B2
:207A400009F47AC2003009F06DC000916A050093400500916B050093410500916C05009350
:207A60004205609167057091680580916905552744273327581B470B360B3093670540932C
:207A80006805509369050091670500936A050091680500936B050091690500936C05009194
:207AA0004005009367050091410500936805009142050093690500918B0500934005009148
:207AC0008C050093410500918D0500934205609188057091890580918A0555274427332751
:207AE000581B470B360B309388054093890550938A050091880500938B050091890500936A
:207B00008C0500918A0500938D050091400500938805009141050093890500914205009336
:207B20008A050AC2013009F0A6C0C5EB30916A0540916B0550916C0560916705709168051C
:207B400080916905581B470B360B30934005409341055093420510914005209141053091B7
:207B600042050E94FC6A70934005809341052092420530916A0540916B0550916C05609168
:207B800067057091680580916905580F471F361F309367054093680550936905109167059D
:207BA00020916805309169050E94FC6A7093670580936805209269050091400500936A0589
:207BC0000091410500936B050091420500936C05309188054091890550918A0560918B0551
:207BE00070918C0580918D05581B470B360B30934005409341055093420510914005209168
:207C00004105309142050E94FC6A70934005809341052092420530918805409189055091E6
:207C20008A0560918B0570918C0580918D05580F471F361F30938B0540938C0550938D05B1
:207C400010918B0520918C0530918D050E94FC6A70938B0580938C0520928D050091400505
:207C60000093880500914105009389050091420500938A0561C1033009F0A6C0C5EB3091CD
:207C80006A0540916B0550916C05609167057091680580916905580F471F361F309340056E
:207CA00040934105509342051091400520914105309142050E94FC6A7093400580934105F3
:207CC0002092420530916705409168055091690560916A0570916B0580916C05581B470BD9
:207CE000360B3093670540936805509369051091670520916805309169050E94FC6A70931E
:207D0000670580936805209269050091400500936A050091410500936B050091420500933A
:207D20006C05309188054091890550918A0560918B0570918C0580918D05580F471F361FDD
:207D40003093400540934105509342051091400520914105309142050E94FC6A70934005A3
:207D6000809341052092420530918B0540918C0550918D05609188057091890580918A05DE
:207D8000581B470B360B30938B0540938C0550938D0510918B0520918C0530918D050E9449
:207DA000FC6A70938B0580938C0520928D0500914005009388050091410500938905009163
:207DC000420500938A05B8C0043009F06DC00091670500934005009168050093410500912B
:207DE00069050093420560916A0570916B0580916C05552744273327581B470B360B3093DE
:207E00006A0540936B0550936C0500916A050093670500916B050093680500916C050093C7
:207E200069050091400500936A050091410500936B050091420500936C0500918805009395
:207E40004005009189050093410500918A050093420560918B0570918C0580918D055527B9
:207E600044273327581B470B360B30938B0540938C0550938D0500918B0500938805009139
:207E80008C050093890500918D0500938A050091400500938B050091410500938C05009166
:207EA000420500938D0548C060916A0570916B0580916C05552744273327581B470B360BB4
:207EC00030936A0540936B0550936C05609167057091680580916905552744273327581BDB
:207EE000470B360B309367054093680550936905609188057091890580918A05552744279B
:207F00003327581B470B360B309388054093890550938A0560918B0570918C0580918D0528
:207F2000552744273327581B470B360B30938B0540938C0550938D05309188054091890521
:207F400050918A056091A8067091A9068091AA06580F471F361F30938805409389055093EB
:207F60008A0530918B0540918C0550918D056091A5067091A6068091A706580F471F361F23
:207F800030938B0540938C0550938D05309188054091890550918A056091C3067091C40613
:207FA0008091C506581B470B360B3093BE054093BF055093C0051091BE052091BF05309180
:207FC000C0054091870650918806609189060E948B6A7093BE058093BF052092C005309123
:207FE000C3064091C4065091C5066091BE057091BF058091C005580F471F361F3093C30674
:208000004093C4065093C50630918B0540918C0550918D056091C6067091C7068091C80685
:20802000581B470B360B3093BE054093BF055093C0051091BE052091BF053091C005409145
:20804000870650918806609189060E948B6A7093BE058093BF052092C0053091C60640919B
:20806000C7065091C8066091BE057091BF058091C005580F471F361F3093C6064093C706E4
:208080005093C80630918E0540918F05509190056091C9067091CA068091CB06581B470BC8
:2080A000360B3093BE054093BF055093C0051091BE052091BF053091C0054091870650911C
:2080C0008806609189060E948B6A7093BE058093BF052092C0053091C9064091CA065091D5
:2080E000CB066091BE057091BF058091C005580F471F361F3093C9064093CA065093CB0655
:208100001091C6062091C7063091C8064091E1065091E2066091E3060E948B6A70938A0660
:2081200080938B0620928C061091C3062091C4063091C5064091E1065091E2066091E3068B
:208140000E948B6A70938D0680938E0620928F0600914708043034F4023094F501300CF4DC
:208160005DC089C060916705709168058091690502E00E94856A60936705709368058093FA
:20818000690560916A0570916B0580916C0502E00E94856A60936A0570936B0580936C0552
:2081A00060916D0570916E0580916F0502E00E94856A60936D0570936E0580936F055BC073
:2081C00060916705709168058091690501E00E94856A6093670570936805809369056091A2
:2081E0006A0570916B0580916C0501E00E94856A60936A0570936B0580936C0560916D05EF
:2082000070916E0580916F0501E00E94856A60936D0570936E0580936F052DC06091670547
:20822000709168058091690501E00E947C6A60936705709368058093690560916A05709137
:208240006B0580916C0501E00E947C6A60936A0570936B0580936C0560916D0570916E0593
:2082600080916F0501E00E947C6A60936D0570936E0580936F05009167050093790500910F
:20828000680500937A050091690500937B0500916A0500937C0500916B0500937D05009192
:2082A0006C0500937E0500E00093400504E10093410500E00093420530918D0640918E064E
:2082C00050918F066091400570914105809142055817470736070CF0F7C030918A06409184
:2082E0008B0650918C066091400570914105809142055817470736070CF0E6C060914005D3
:208300007091410580914205552744273327581B470B360B3093400540934105509342052C
:2083200030918D0640918E0650918F066091400570914105809142055817470736070CF43F
:20834000C3C030918A0640918B0650918C06609140057091410580914205581747073607A5
:208360000CF4B2C00091DE06009340050091DF06009341050091E006009342053091C9060E
:208380004091CA065091CB066091400570914105809142055817470736070CF095C0609179
:2083A00040057091410580914205552744273327581B470B360B309340054093410550938E
:2083C00042053091C9064091CA065091CB06609140057091410580914205581747073607A4
:2083E0000CF472C03091BA064091BB065091BC0660918A0670918B0680918C06581B470B1A
:20840000360B30934005409341055093420560914005709141058091420502E00E947C6A91
:208420006093400570934105809342053091790540917A0550917B056091400570914105F4
:2084400080914205580F471F361F3093790540937A0550937B053091BD064091BE065091B2
:20846000BF0660918D0670918E0680918F06581B470B360B30934005409341055093420527
:2084800060914005709141058091420502E00E947C6A609340057093410580934205309101
:2084A0007C0540917D0550917E05609140057091410580914205580F471F361F30937C0549
:2084C00040937D0550937E050E948C050E94E7060E948E070091E3070023AAF400E0009339
:2084E000B5050093B6050093B70500E00093B8050093B9050093BA0500E00093BB0500938C
:20850000BC050093BD056091490570914A0580914B0504E00E947C6A6093490570934A0556
:2085200080934B0560914C0570914D0580914E0504E00E947C6A60934C0570934D058093C7
:208540004E0560915205709153058091540504E00E947C6A60935205709353058093540540
:2085600000914D0800232AF40091EC0700230AF482C31091490520914A0530914B05409119
:208580000C0650910D0660910E060E948B6A7093490580934A0520924B0510914C052091E1
:2085A0004D0530914E0540910F0650911006609111060E948B6A70934C0580934D0520926E
:2085C0004E051091520520915305309154054091120650911306609114060E948B6A7093A5
:2085E0005205809353052092540510914F05209150053091510540911506509116066091C2
:2086000017060E948B6A70934F0580935005209251050091E90700230AF007C100914E0892
:2086200000230AF402C16091490570914A0580914B05552744273327581B470B360B30935C
:20864000490540934A0550934B056091490570914A0580914B0501E00E947C6A60934905DD
:2086600070934A0580934B053091BA064091BB065091BC066091490570914A0580914B059F
:20868000581B470B360B3093BE054093BF055093C0056091BE057091BF058091C00504E0DC
:2086A0000E947C6A6093BE057093BF058093C0051091BE052091BF053091C0054091720635
:2086C00050917306609174060E948B6A709393068093940620929506009175060093900673
:2086E0000091760600939106009177060093920644D6009193060093490500919406009327
:208700004A050091950600934B056091490570914A0580914B0501E00E947C6A6093490561
:2087200070934A0580934B0560914C0570914D0580914E05552744273327581B470B360B44
:2087400030934C0540934D0550934E0560914C0570914D0580914E0501E00E947C6A609355
:208760004C0570934D0580934E053091BD064091BE065091BF0660914C0570914D05809188
:208780004E05581B470B360B3093BE054093BF055093C0056091BE057091BF058091C0056C
:2087A00004E00E947C6A6093BE057093BF058093C0051091BE052091BF053091C0054091C8
:2087C000720650917306609174060E948B6A70939306809394062092950600917506009390
:2087E000900600917606009391060091770600939206C3D50091930600934C0500919406A2
:2088000000934D050091950600934E0560914C0570914D0580914E0501E00E947C6A60930C
:208820004C0570934D0580934E053091670540916805509169056091490570914A058091D2
:208840004B05581B470B360B3093BE054093BF055093C0056091BE057091BF058091C005AE
:2088600001E00E947C6A6093BE057093BF058093C0051091BE052091BF053091C00540910A
:20888000C1055091C2056091C3050E948B6A7093930680939406209295060091CA05009391
:2088A00090060091CB05009391060091CC050093920663D5009193060093AC050091940639
:2088C0000093AD05009195060093AE056091BE057091BF058091C00503E00E947C6A609334
:2088E000BE057093BF058093C0051091BE052091BF053091C0054091D3055091D405609163
:20890000D5050E948B6A7093400580934105209242053091B5054091B6055091B7056091B7
:2089200040057091410580914205580F471F361F3093930640939406509395060091DC0578
:20894000009390060091DD05009391060091DE050093920612D5009193060093B5050091C3
:2089600094060093B605009195060093B7053091AC054091AD055091AE056091B50570915F
:20898000B6058091B705580F471F361F3093AC054093AD055093AE0530914C0540914D0569
:2089A00050914E0560916A0570916B0580916C05581B470B360B3093BE054093BF0550932A
:2089C000C0056091BE057091BF058091C00501E00E947C6A6093BE057093BF058093C005C5
:2089E0001091BE052091BF053091C0054091C4055091C5056091C6050E948B6A70939306E4
:208A000080939406209295060091CD05009390060091CE05009391060091CF0500939206B2
:208A2000ACD4009193060093AF05009194060093B005009195060093B1056091BE057091A8
:208A4000BF058091C00503E00E947C6A6093BE057093BF058093C0051091BE052091BF05E3
:208A60003091C0054091D6055091D7056091D8050E948B6A70934005809341052092420508
:208A80003091B8054091B9055091BA05609140057091410580914205580F471F361F30936F
:208AA000930640939406509395060091DF05009390060091E005009391060091E1050093EA
:208AC00092065BD4009193060093B805009194060093B905009195060093BA053091AF05E6
:208AE0004091B0055091B1056091B8057091B9058091BA05580F471F361F3093AF054093B0
:208B0000B0055093B10530915205409153055091540560916D0570916E0580916F05581BBD
:208B2000470B360B3093BE054093BF055093C0056091BE057091BF058091C00501E00E940B
:208B40007C6A6093BE057093BF058093C0051091BE052091BF053091C0054091C7055091FD
:208B6000C8056091C9050E948B6A7093930680939406209295060091D0050093900600911C
:208B8000D105009391060091D20500939206F5D3009193060093B205009194060093B30590
:208BA000009195060093B4056091BE057091BF058091C00503E00E947C6A6093BE057093CA
:208BC000BF058093C0051091BE052091BF053091C0054091D9055091DA056091DB050E94B8
:208BE0008B6A7093400580934105209242053091BB054091BC055091BD05609140057091F9
:208C0000410580914205580F471F361F3093930640939406509395060091E20500939006AC
:208C20000091E305009391060091E40500939206A4D3009193060093BB050091940600933A
:208C4000BC05009195060093BD053091B2054091B3055091B4056091BB057091BC058091B3
:208C6000BD05580F471F361F3093B2054093B3055093B40508951091490520914A05309122
:208C80004B05409118065091190660911A060E948B6A7093490580934A0520924B05109197
:208CA0004C0520914D0530914E0540911B0650911C0660911D060E948B6A70934C05809345
:208CC0004D0520924E0510915205209153053091540540911E0650911F06609120060E946E
:208CE0008B6A70935205809353052092540510914F052091500530915105409121065091C4
:208D00002206609123060E948B6A70934F0580935005209251050091E90700230AF007C14D
:208D200000914F0800230AF402C16091490570914A0580914B05552744273327581B470B71
:208D4000360B3093490540934A0550934B056091490570914A0580914B0501E00E947C6A13
:208D60006093490570934A0580934B053091BA064091BB065091BC066091490570914A05B8
:208D800080914B05581B470B360B3093BE054093BF055093C0056091BE057091BF0580911D
:208DA000C00504E00E947C6A6093BE057093BF058093C0051091BE052091BF053091C005CE
:208DC000409178065091790660917A060E948B6A70939306809394062092950600917B0634
:208DE0000093900600917C060093910600917D0600939206C2D2009193060093490500919E
:208E0000940600934A050091950600934B056091490570914A0580914B0501E00E947C6A6E
:208E20006093490570934A0580934B0560914C0570914D0580914E05552744273327581B8F
:208E4000470B360B30934C0540934D0550934E0560914C0570914D0580914E0501E00E9494
:208E60007C6A60934C0570934D0580934E053091BD064091BE065091BF0660914C0570910B
:208E80004D0580914E05581B470B360B3093BE054093BF055093C0056091BE057091BF05D8
:208EA0008091C00504E00E947C6A6093BE057093BF058093C0051091BE052091BF05309181
:208EC000C005409178065091790660917A060E948B6A7093930680939406209295060091EF
:208EE0007B060093900600917C060093910600917D060093920641D20091930600934C052B
:208F00000091940600934D050091950600934E0560914C0570914D0580914E0501E00E94B3
:208F20007C6A60934C0570934D0580934E0530916705409168055091690560914905709152
:208F40004A0580914B05581B470B360B3093BE054093BF055093C0056091BE057091BF051D
:208F60008091C00501E00E947C6A6093BE057093BF058093C0051091BE052091BF053091C3
:208F8000C0054091E5055091E6056091E7050E948B6A7093930680939406209295060091EA
:208FA000EE05009390060091EF05009391060091F00500939206E1D1009193060093AC0515
:208FC000009194060093AD05009195060093AE056091BE057091BF058091C00503E00E94DB
:208FE0007C6A6093BE057093BF058093C0051091BE052091BF053091C0054091F705509129
:20900000F8056091F9050E948B6A7093400580934105209242053091B5054091B60550914B
:20902000B705609140057091410580914205580F471F361F30939306409394065093950636
:2090400000910006009390060091010600939106009102060093920690D1009193060093AC
:20906000B505009194060093B605009195060093B7053091AC054091AD055091AE056091C8
:20908000B5057091B6058091B705580F471F361F3093AC054093AD055093AE0530914C05CA
:2090A00040914D0550914E0560916A0570916B0580916C05581B470B360B3093BE054093A7
:2090C000BF055093C0056091BE057091BF058091C00501E00E947C6A6093BE057093BF05EF
:2090E0008093C0051091BE052091BF053091C0054091E8055091E9056091EA050E948B6A35
:209100007093930680939406209295060091F105009390060091F205009391060091F305CE
:20912000009392062AD1009193060093AF05009194060093B005009195060093B1056091BF
:20914000BE057091BF058091C00503E00E947C6A6093BE057093BF058093C0051091BE058D
:209160002091BF053091C0054091FA055091FB056091FC050E948B6A709340058093410519
:20918000209242053091B8054091B9055091BA05609140057091410580914205580F471F87
:2091A000361F309393064093940650939506009103060093900600910406009391060091FA
:2091C000050600939206D9D0009193060093B805009194060093B905009195060093BA053C
:2091E0003091AF054091B0055091B1056091B8057091B9058091BA05580F471F361F3093BB
:20920000AF054093B0055093B10530915205409153055091540560916D0570916E05809116
:209220006F05581B470B360B3093BE054093BF055093C0056091BE057091BF058091C005A0
:2092400001E00E947C6A6093BE057093BF058093C0051091BE052091BF053091C005409120
:20926000EB055091EC056091ED050E948B6A7093930680939406209295060091F4050093FF
:2092800090060091F505009391060091F6050093920673D0009193060093B20500919406EA
:2092A0000093B305009195060093B4056091BE057091BF058091C00503E00E947C6A60933E
:2092C000BE057093BF058093C0051091BE052091BF053091C0054091FD055091FE05609125
:2092E000FF050E948B6A7093400580934105209242053091BB054091BC055091BD05609192
:2093000040057091410580914205580F471F361F3093930640939406509395060091060663
:20932000009390060091070600939106009108060093920622D0009193060093BB05009172
:2093400094060093BC05009195060093BD053091B2054091B3055091B4056091BB05709151
:20936000BC058091BD05580F471F361F3093B2054093B3055093B4050895309193064091CE
:2093800094065091950660919006709191068091920658174707360764F0009190060093E7
:2093A000930600919106009394060091920600939506609190067091910680919206552724
:2093C00044273327581B470B360B30939006409391065093920630919306409194065091DE
:2093E000950660919006709191068091920658174707360764F400919006009393060091D4
:20940000910600939406009192060093950608950091360800231AF1F894A0918400B09115
:209420008500789402EEA00F04E0B01FF894B0938900A0938800789402ECA00F09E0B01FD5
:20944000F894B0938B00A0938A00789406E000936F0000270093E0070093DF070895F894BE
:20946000A0918400B091850002EEA00F04E0B01FB0938900A093880002ECA00F09E0B01F43
:20948000B0938B00A0938A00789406E000936F0000270093E0070093DF070895FFB69091C0
:2094A000E007992311F045982AC09091FD07992332F108949091DD079A9519F49091DC075C
:2094C00088949093DD079FEF10F49091DA07969508F4469A969508F4449A969508F4429AC6
:2094E000969508F4439A969508F4149A969508F4159A969508F4459A969508F4479AFFBEF2
:209500001895FFB69091E007992311F0479803C09FEF9093DF07FFBE189503E000934005C6
:2095200008E70093410500E0009342053091090640910A0650910B06609140057091410589
:209540008091420558174707360764F000914005009309060091410500930A06009142059B
:2095600000930B0600E00093F3070091DB070093F4070090E10700940092F5070090F507B3
:209580001090E30701280092F507EF93FF93E7E2F6E06091F30703E0609FE00DF11D31914D
:2095A000419151913093990640939A0650939B06FF91EF910091F40706950093F40708F4DD
:2095C0008DC00091460800232AF40091E107002332F06EC00091F50700230AF469C0EF93D9
:2095E000FF93EFE3F6E06091F30703E0609FE00DF11D3191419151913093400540934105D2
:2096000050934205FF91EF913091990640919A0650919B06609140057091410580914205E8
:20962000581B470B360B3093BE054093BF055093C0051091BE052091BF053091C00540912F
:209640009C0650919D0660919E060E948B6A7093BE058093BF052092C005309140054091CD
:209660004105509142056091BE057091BF058091C005580F471F361F3093990640939A0636
:2096800050939B06EF93FF933091990640919A0650919B06EFE3F6E06091F30703E0609F6A
:2096A000E00DF11D319341935193FF91EF9157C0EF93FF93E7E5F6E06091F30703E0609F89
:2096C000E00DF11D3191419151913093990640939A0650939B06FF91EF9141C000914208D4
:2096E0000023AAF40091E107002392F50091E30700238AF4009109060093990600910A06F7
:2097000000939A0600910B0600939B0628C00091F5070023EAF03091990640919A0650911C
:209720009B066091090670910A0680910B0658174707360764F400910906009399060091A0
:209740000A0600939A0600910B0600939B0607C000E00093990600939A0600939B06EF932E
:20976000FF933091990640919A0650919B06E7E2F6E06091F30703E0609FE00DF11D3193D9
:2097800041935193FF91EF910091F30703950093F3070091F307083009F0F7CEB091390650
:2097A000A0913A06CED04E2F5F2FB0913C06A0913D06E7D06E2F7F2FEAEEF6E0B09127067A
:2097C000A0912806A6D00A2E1B2EB0912A06A0912B069FD02A2E3B2EB0912D06A0912E0657
:2097E00098D04A2E5B2EB0913006A091310691D06A2E7B2EB0913306A09134068AD08A2E88
:209800001B2FB0913606A091370683D02A2F3B2F0091DF070023BAF500E00091E107002338
:209820008AF53091E4064091E50601E0400F0027301F3093E4064093E5060DE70093400565
:2098400000E00093410500E0009342053091E4064091E5065091E6066091400570914105E4
:209860008091420558174707360764F0009140050093E406009141050093E50600914205C2
:209880000093E60608950091DF070023E2F70FEF0093E007F894A0918400B0918500ED01CC
:2098A000A40FB51FC60FD71FB0938900A0938800D0938B00C0938A007894A1E0B0E0CCE239
:2098C000D2E00A1A1B0A08F446982A1A3B0A08F444984A1A5B0A08F442986A1A7B0A08F4AE
:2098E00043988A1A1B0B08F414982A1B3B0B08F415980000000000000000000000000000E7
:2099000000002197F0F6459800000000000047980895B595A795B595A795B595A795D1915C
:20992000C1913196AC17BD071CF4AC2FBD2F0895D191C1913196AC17BD0714F0AC2FBD2F46
:209940000895C0E9FF270027CA9F202CE12DCB9FE00DF11D220CE01FF01FD0910E07C09149
:209960000F07EC17FD071CF4EC2FFD2F0895D0911107C0911207EC17FD0714F0EC2FFD2FA1
:209980000895C0E9FF270027CA9F202CE12DCB9FE00DF11D220CE01FF01FD0911407C09103
:2099A0001507EC17FD071CF4EC2FFD2F0895D0911707C0911807EC17FD0714F0EC2FFD2F4F
:2099C000089502E00093D9070E9466690E94845601E00093B50702E00093B60700E00093D3
:2099E000B1070DE20093B207EF93FF93E2EDFEE90E947B67FF91EF910091D607002352F043
:209A0000EF93FF93E8EEFEE90E947B67FF91EF910C946C4D0091D707002352F0EF93FF93A0
:209A2000E8EEFEE90E947B67FF91EF910C946C4D0091E307002312F00C94644D0EEF0093FB
:209A400040050CE00093410500E00093420530915205409153055091540560914005709190
:209A600041058091420558174707360754F4EF93FF93E0E3FFE90E947B67FF91EF910C9413
:209A80006C4D01E00093400504EF0093410500E00093420530915205409153055091540553
:209AA00060914005709141058091420558174707360754F0EF93FF93E4E3FFE90E947B674C
:209AC000FF91EF910C946C4DEF93FF93EEEDFEE90E947B67FF91EF9100E00093400500E01B
:209AE0000093410509E1009342051091490520914A0530914B05409140055091410560919B
:209B000042050E948B6A7093490580934A0520924B0510914C0520914D0530914E054091D8
:209B2000400550914105609142050E948B6A70934C0580934D0520924E0510915205209183
:209B40005305309154054091400550914105609142050E948B6A7093520580935305209210
:209B600054051091550520915605309157054091400550914105609142050E948B6A709359
:209B80005505809356052092570500E00093400500E0009341050DE00093420510914F05C2
:209BA00020915005309151054091400550914105609142050E948B6A70934F0580935005BD
:209BC0002092510500E00093B10700E00093B207EF93FF93E6E9FEE90E947B67FF91EF91C8
:209BE0000091D407002352F0EF93FF93E8EEFEE90E947B67FF91EF910C94264EB09149058C
:209C0000A0914A05D0914B050E942067E6EFFFEFAE17BF075CF40CE50093B107EF93FF93FC
:209C2000E8EFFEE90E947B67FF91EF91EAE0F0E0AE17BF075CF00CE50093B107EF93FF9311
:209C4000EEEFFEE90E947B67FF91EF9100E00093B10709E00093B207EF93FF93E2EAFEE985
:209C60000E947B67FF91EF910091D507002352F0EF93FF93E8EEFEE90E947B67FF91EF9119
:209C80000C946A4EB0914C05A0914D05D0914E050E942067E6EFFFEFAE17BF075CF406E5F1
:209CA0000093B107EF93FF93E4E0FFE90E947B67FF91EF91EAE0F0E0AE17BF075CF00CE5A3
:209CC0000093B107EF93FF93ECE0FFE90E947B67FF91EF9100E00093B10702E10093B20783
:209CE000EF93FF93EEEAFEE90E947B67FF91EF910091D607002352F0EF93FF93E8EEFEE959
:209D00000E947B67FF91EF910C94AE4EB0914F05A0915005D09151050E942067E0E0F0E088
:209D2000AE17BF0759F40CE50093B107EF93FF93ECE1FFE90E947B67FF91EF91EAE5F0E013
:209D4000AE17BF075CF00CE50093B107EF93FF93E2E2FFE90E947B67FF91EF9100E0009329
:209D6000B1070BE10093B207EF93FF93EAEBFEE90E947B67FF91EF910091D707002352F0BB
:209D8000EF93FF93E8EEFEE90E947B67FF91EF910C94F24EB0915205A0915305D0915405A3
:209DA0000E942067E6EFFFEFAE17BF075CF40CE50093B107EF93FF93EEEFFEE90E947B6744
:209DC000FF91EF91EAE0F0E0AE17BF075CF00CE50093B107EF93FF93E8EFFEE90E947B6770
:209DE000FF91EF9100E00093B10704E20093B207EF93FF93E6ECFEE90E947B67FF91EF9195
:209E00000091D807002352F0EF93FF93E8EEFEE90E947B67FF91EF910C942E4FB091550550
:209E2000A0915605D09157050E9420670CE50093B1070091EC0700234AF0EF93FF93ECE2B1
:209E4000FFE90E947B67FF91EF9108C0EF93FF93E8E2FFE90E947B67FF91EF9100E00093F1
:209E6000B10709E30093B207EF93FF93E2EFFEE90E947B67FF91EF910E941169D5E0C0E021
:209E80000E94BE69DA95D9F70E94CC69083009F408950C94E44C41696C65726F6E20203AFD
:209EA0000000456C657661746F72203A00005468726F74746C65203A0000527564646572F0
:209EC0002020203A0000417578696C696172793A000041726D2054657374203A0000536108
:209EE0006665205A6F6E65004E6F207369676E616C004241434B00004C6566740000526929
:209F000067687400466F7277617264004261636B000055700000446F776E000049646C65DD
:209F2000000046756C6C00004F6E00004F66660041726D0044697361726D000002E00093C1
:209F4000D9070E948456F894A091C907B091CA070091FE07002322F4A0910908B0910A08A2
:209F600078940E94585ADD27B0934F05A0935005D0935105F894A091C507B091C60700917D
:209F8000FE07002322F4A0910508B091060878940E94585ADD27B0934905A0934A05D0931C
:209FA0004B05F894A091C707B091C8070091FE07002322F4A0910708B091080878940E94A8
:209FC000585ADD27B0934C05A0934D05D0934E05F894A091CB07B091CC070091FE070023A0
:209FE00022F4A0910B08B0910C0878940E94585ADD27B0935205A0935305D0935405F894E1
:20A00000A091CD07B091CE070091FE07002322F4A0910D08B0910E0878940E94585ADD2755
:20A02000B0935505A0935605D09357050091FE0700230AF02DC0F894A0910F08B091100869
:20A0400078940E94585ADD27B0935805A0935905D0935A05F894A0911108B091120878946C
:20A060000E94585ADD27B0935B05A0935C05D0935D05F894A0911308B091140878940E94A9
:20A08000585ADD27B0935E05A0935F05D093600500E00093400500E00093410506E6009315
:20A0A000420510914F0520915005309151054091400550914105609142050E948B6A709338
:20A0C0004F0580935005209251051091490520914A0530914B05409140055091410560918E
:20A0E00042050E948B6A7093490580934A0520924B0510914C0520914D0530914E054091F3
:20A10000400550914105609142050E948B6A70934C0580934D0520924E051091520520919D
:20A120005305309154054091400550914105609142050E948B6A709352058093530520922A
:20A1400054051091550520915605309157054091400550914105609142050E948B6A709373
:20A1600055058093560520925705109158052091590530915A0540914005509141056091AE
:20A1800042050E948B6A709358058093590520925A0510915B0520915C0530915D054091F8
:20A1A000400550914105609142050E948B6A70935B0580935C0520925D0510915E052091C4
:20A1C0005F05309160054091400550914105609142050E948B6A70935E0580935F0520925A
:20A1E00060050E9466691EE1E4E0FAEA05910093AF0705910093B0070E94B9681A95B1F709
:20A200000091FE070023D2F41CE005910093AF0705910093B0070E94B9681A95B1F7009159
:20A22000370800235AF016E005910093AF0705910093B0070E94B9681A95B1F701E000932F
:20A24000B50700E00093B60710E0E4E6FAEA04E00093B10705910093B207012F0E948167A9
:20A2600013951530A1F70091FE070023CAF404E00093B10705910093B207012F0E94816717
:20A2800013951730A1F70091370800234AF004E00093B10704910093B207012F0E94816740
:20A2A00001E00093B50701E00093B6070DE60093B10700E00093B2070091D407002312F042
:20A2C0000C94BC51B0914905A0914A05D0914B050E94206703E00093400508EE009341055E
:20A2E00000E0009342053091490540914A0550914B05609140057091410580914205581BFC
:20A30000470B360B3093490540934A0550934B0500E00093400500E00093410509E1009356
:20A3200042051091490520914A0530914B054091400550914105609142050E948B6A7093C7
:20A34000490580934A0520924B05B0914905A0914A05D0914B050E94EB540AE00093B10775
:20A3600002E00093B2070093B4071A960A2F0093B3070E943D6808C0EF93FF93EEEFF9EA48
:20A380000E947B67FF91EF910DE60093B10707E00093B2070091D507002312F00C942A520A
:20A3A000B0914C05A0914D05D0914E050E94206703E00093400508EE0093410500E00093AE
:20A3C000420530914C0540914D0550914E05609140057091410580914205581B470B360BF2
:20A3E00030934C0540934D0550934E0500E00093400500E00093410509E100934205109118
:20A400004C0520914D0530914E054091400550914105609142050E948B6A70934C05809361
:20A420004D0520924E05B0914C05A0914D05D0914E050E94EB540AE00093B10709E000936A
:20A44000B2070093B4071A960A2F0093B3070E943D6808C0EF93FF93EEEFF9EA0E947B6758
:20A46000FF91EF910DE60093B1070EE00093B2070091D607002312F00C949852B0914F05A2
:20A48000A0915005D09151050E94206703E00093400508EE0093410500E000934205309151
:20A4A0004F054091500550915105609140057091410580914205581B470B360B30934F05F9
:20A4C000409350055093510500E00093400500E00093410509E10093420510914F05209140
:20A4E0005005309151054091400550914105609142050E948B6A70934F0580935005209273
:20A500005105B0914F05A0915005D09151050E94EB540AE00093B10700E10093B20700933D
:20A52000B4071A960A2F0093B3070E943D6808C0EF93FF93EEEFF9EA0E947B67FF91EF91B3
:20A540000DE60093B10705E10093B2070091D707002312F00C940653B0915205A0915305DD
:20A56000D09154050E94206703E00093400508EE0093410500E000934205309152054091CB
:20A58000530550915405609140057091410580914205581B470B360B309352054093530509
:20A5A0005093540500E00093400500E00093410509E1009342051091520520915305309168
:20A5C00054054091400550914105609142050E948B6A709352058093530520925405B09105
:20A5E0005205A0915305D09154050E94EB540AE00093B10707E10093B2070093B4071A9679
:20A600000A2F0093B3070E943D6808C0EF93FF93EEEFF9EA0E947B67FF91EF910DE60093B7
:20A62000B1070CE10093B2070091D807002312F00C947453B0915505A0915605D091570549
:20A640000E94206703E00093400508EE0093410500E0009342053091550540915605509165
:20A660005705609140057091410580914205581B470B360B30935505409356055093570519
:20A6800000E00093400500E00093410509E100934205109155052091560530915705409190
:20A6A000400550914105609142050E948B6A709355058093560520925705B0915505A091BA
:20A6C0005605D09157050E94EB540AE00093B1070EE10093B2070093B4071A960A2F009347
:20A6E000B3070E943D6808C0EF93FF93EEEFF9EA0E947B67FF91EF910091FE07002312F06E
:20A700000C94CE540DE60093B10703E20093B2070091D807002352F0EF93FF93EEEFF9EA5F
:20A720000E947B67FF91EF910C94EF53B0915805A0915905D0915A050E94206703E0009317
:20A74000400508EE0093410500E000934205309158054091590550915A0560914005709167
:20A76000410580914205581B470B360B309358054093590550935A0500E00093400500E00A
:20A780000093410509E100934205109158052091590530915A0540914005509141056091C1
:20A7A00042050E948B6A709358058093590520925A05B0915805A0915905D0915A050E944A
:20A7C000EB540AE00093B10705E20093B2070093B4071A960A2F0093B3070E943D680DE614
:20A7E0000093B1070AE20093B2070091D807002352F0EF93FF93EEEFF9EA0E947B67FF9119
:20A80000EF910C945C54B0915B05A0915C05D0915D050E94206703E00093400508EE009305
:20A82000410500E00093420530915B0540915C0550915D05609140057091410580914205AD
:20A84000581B470B360B30935B0540935C0550935D0500E00093400500E00093410509E1FB
:20A860000093420510915B0520915C0530915D054091400550914105609142050E948B6ABC
:20A8800070935B0580935C0520925D05B0915B05A0915C05D0915D050E94EB540AE0009379
:20A8A000B1070CE20093B2070093B4071A960A2F0093B3070E943D680091370800230AF4EA
:20A8C0006DC00DE60093B10701E30093B2070091D807002352F0EF93FF93EEEFF9EA0E9492
:20A8E0007B67FF91EF910C94CE54B0915E05A0915F05D09160050E94206703E000934005C1
:20A9000008EE0093410500E00093420530915E0540915F0550916005609140057091410592
:20A9200080914205581B470B360B30935E0540935F055093600500E00093400500E00093E9
:20A94000410509E10093420510915E0520915F053091600540914005509141056091420539
:20A960000E948B6A70935E0580935F0520926005B0915E05A0915F05D09160050E94EB546C
:20A980000AE00093B10703E30093B2070093B4071A960A2F0093B3070E943D6801E0009311
:20A9A000B50702E00093B60700E00093B10709E30093B207EF93FF93E8EFF9EA0E947B67F4
:20A9C000FF91EF910E9411690E94CC69083009F408950C949E4FE0E0F0E0AE17BF0734F0D6
:20A9E000E4E6F0E0AE17BF0724F40895A0E0B0E00895A4E6B0E008954241434B00002D2DAE
:20AA00002D2D00000A010A030A080A0A0A0F0A110A160A180A1D0A1F3A013A033A083A0ADA
:20AA20003A0F3A113A163A183A1D3A1F6B016B036B086B0A6B0F6B116B166B186B1D6B1F62
:20AA40000A240A260A2B0A2D3A243A263A2B3A2D6B246B266B2B6B2D0A320A343A323A3400
:20AA60006B326B3400070E151C232A31FFB69091FE0799230AF409C14B9B0DC0909184001F
:20AA80009093BB07909185009093BC0799279093CF07FFBE189590918400E090BB079E1994
:20AAA0009093C50790918500E090BC079E099093C607FFBE1895FFB64A9B0DC090918400C1
:20AAC0009093BD07909185009093BE0799279093D007FFBE189590918400E090BD079E194D
:20AAE0009093C70790918500E090BE079E099093C807FFBE1895FFB6489B0DC0909184007D
:20AB00009093BF07909185009093C00799279093D107FFBE189590918400E090BF079E1905
:20AB20009093C90790918500E090C0079E099093CA07FFBE1895FFB61A9B0DC09091840064
:20AB40009093C107909185009093C20799279093D207FFBE189590918400E090C1079E19BE
:20AB60009093CB0790918500E090C2079E099093CC07FFBE1895FFB6189B0DC09091840020
:20AB80009093C307909185009093C40799279093D307FFBE189590918400E090C3079E1977
:20ABA0009093CD0790918500E090C4079E099093CE07FFBE1895FFB6FF93EF93BF93AF9357
:20ABC000A0918400B0918500E0913308F0913408A0933308B0933408AE1BBF0B2AF4E0E033
:20ABE000F0E0EA1BFB0BDF01EAE6F8E1AE17BF0708F015C09091370899230AF023C0E0912F
:20AC00001808F0911908A9E2B8E0EA17FB0750F09091C600909329089FEF90933508EAE118
:20AC2000F8E003C09091C6009193E0931808F0931908992790931708AF91BF91EF91FF9195
:20AC4000FFBE1895E0911808F0911908A2E3B8E0EA17FB0750F09091C600909332089FEF25
:20AC600090933508EAE1F8E003C09091C6009193E0931808F0931908992790931708AF918A
:20AC8000BF91EF91FF91FFBE18954B9902C0FFBE1895AF93BF93EF93FF93A0918400B0913C
:20ACA0008500E0910108F0910208A0930108B0930208AE1BBF0B2AF4E0E0F0E0EA1BFB0B35
:20ACC000DF01EAE6F8E1AE17BF0718F0E5E0F8E00EC0E0910308F0910408A193B193A5E1E6
:20ACE000B8E0EA17FB0718F011F0E5E1F8E0E0930308F0930408992790931708FF91EF91F3
:20AD0000BF91AF91FFBE18950091350800230AF0B6C000913808002332F0009139080023CD
:20AD20000AF021C355C0ACE1B8E0CAE2D8E0E5E0F8E00C9106950E700395E00F08F4F39539
:20AD40000D910370008331970D910083CA17DB0771F7A7E1B8E0C5E0D8E0E7E1F8E00E918F
:20AD6000502E0E91602E72E080E0681A570A162D252D3EEE422E442032F41095209571E02D
:20AD8000170F7727271F88277727139F302C212C239F200C811D330C271E871F442032F4C1
:20ADA0002094809571E0270E7727871F660C551C620C581E7EE086EA680E571E052D0293B9
:20ADC000062D0293CA17DB0709F456C00C94AF56ACE1B8E0CAE2D8E0E5E0F8E00C910695D2
:20ADE00006950E700395E00F08F4F3950D910770008331970D910083CA17DB0769F7A7E103
:20AE0000B8E0C5E0D8E0E7E1F8E00E91502E0E91602E74E080E0681A570A162D252D37E709
:20AE2000422E442032F41095209571E0170F7727271F88277727139F302C212C239F200CCD
:20AE4000811D330C271E871F442032F42094809571E0270E7727871F620C581E7EE086EA5B
:20AE6000680E571E052D0293062D0293CA17DB0709F402C00C940557002700933508009152
:20AE8000450800230AF4C7C10091FE07002322F4ECE8F0E0EBD206C0F894A091C507B091FC
:20AEA000C6077894F2D200915208002332F4A095B09501E0A00F0027B01FDD27B09349052C
:20AEC000A0934A05D0934B050091FE07002322F4EDE8F0E0CBD206C0F894A091C707B0919A
:20AEE000C8077894D2D200915308002332F4A095B09501E0A00F0027B01FDD27B0934C0506
:20AF0000A0934D05D0934E050091FE07002322F4EEE8F0E0ABD206C0F894A091C907B09170
:20AF2000CA07789400270093E307C2D2EBE3FBE0AE1BBF0BE0E0F0E0AE17BF070CF405C0E0
:20AF4000E5E3FCE0AE17BF072CF0A0E0B0E00FEF0093E307DD27B0934F05A0935005D09395
:20AF600051050091FE07002322F4EFE8F0E07ED206C0F894A091CB07B091CC07789485D2E9
:20AF800000915408002332F4A095B09501E0A00F0027B01FDD27B0935205A0935305D093EF
:20AFA00054050091FE07002322F4E0E9F0E05ED206C0F894A091CD07B091CE07789465D2F0
:20AFC00000270093EC07BB2322F019F00FEF0093EC07DD27B0935505A0935605D093570559
:20AFE0000091FE0700230AF040C005E0002EE5E0F8E002E0009DE00DF11DF894A191B08185
:20B00000789443D2DD27B0935805A0935905D0935A0506E0002EE5E0F8E002E0009DE00DFB
:20B02000F11DF894A191B08178942FD2DD27B0935B05A0935C05D0935D0500913708002313
:20B04000A2F007E0002EE5E0F8E002E0009DE00DF11DF894A191B081789417D2DD27B09307
:20B060005E05A0935F05D09360050FEF0093D4070093D5070093D6070093D7070093D807E0
:20B080000091FE0700230AF037C000911708039500931708009017081090D907011458F17F
:20B0A000009117080A950093170800270093D4070093D5070093D6070093D7070093D80738
:20B0C00000E000934F0500935005009351050FEF0093E30700E00093520500935305009315
:20B0E000540500E000935505009356050093570500270093EC0708950091CF070395009371
:20B10000CF070090CF071090D907011490F00091CF070A950093CF0700270093D4070FEFDC
:20B120000093E30700E000934F0500935005009351050091D00703950093D0070090D00729
:20B140001090D907011490F00091D0070A950093D00700270093D5070FEF0093E30700E078
:20B1600000934F0500935005009351050091D10703950093D1070090D1071090D9070114AE
:20B1800090F00091D1070A950093D10700270093D60700E000934F0500935005009351058D
:20B1A0000FEF0093E3070091D20703950093D2070090D2071090D907011478F00091D207D6
:20B1C0000A950093D20700270093D70700E00093520500935305009354050091D307039528
:20B1E0000093D3070090D3071090D907011490F00091D3070A950093D30700270093D80753
:20B2000000E000935505009356050093570500270093EC070895F894A091C507B091C607A3
:20B220007894A0930508B0930608F894A091C707B091C8077894A0930708B0930808F894A9
:20B24000A091C907B091CA077894A0930908B0930A08F894A091CB07B091CC077894A09354
:20B260000B08B0930C08F894A091CD07B091CE077894A0930D08B0930E08ECE8F0E0F6D0A6
:20B2800004D100915208002332F4A095B09501E0A00F0027B01FDD27B0934905A0934A058E
:20B2A000D0934B05EDE8F0E0E1D0EFD000915308002332F4A095B09501E0A00F0027B01F91
:20B2C000DD27B0934C05A0934D05D0934E05EEE8F0E0CCD000270093E307EAD0EBE3FBE052
:20B2E000AE1BBF0BE0E0F0E0AE17BF070CF405C0E5E3FCE0AE17BF072CF0A0E0B0E00FEF82
:20B300000093E307DD27B0934F05A0935005D0935105EFE8F0E0AAD0B8D00091540800231B
:20B3200032F4A095B09501E0A00F0027B01FDD27B0935205A0935305D0935405E0E9F0E069
:20B3400095D0A3D000270093EC07BB2322F019F00FEF0093EC07DD27B0935505A0935605BC
:20B36000D093570582CEE5E0F8E0A0911B08B0911C084FD0A0911C08B0911D08B795A79506
:20B38000B795A795B795A79544D0D0911D08A0911E08B0911F08DD1FAA1FBB1FDD1FAA1FE0
:20B3A000BB1F37D0A0911F08B0912008B795A79530D0A0912008B0912108B795A795B795CC
:20B3C000A795B795A795B795A79523D0D0912108A0912208B0912308DD1FAA1FBB1F19D055
:20B3E000A0912308B0912408B795A795B795A79510D0A0912408B0912508B795A795B795F5
:20B40000A795B795A795B795A795B795A79501D033CDB770C0E0D4E0AC1BBD0B1A2F2B2FDA
:20B4200037E7422E442032F41095209571E0170F7727271F88277727139F302C212C239FD5
:20B44000200C811D330C271E871F442032F42094809571E0270E7727871FA20DB81FC6EAA5
:20B46000DEE0AC0FBD1FA193B19308950E941E6A0A95002EE5E0F8E002E0009DE00DF11D54
:20B48000F894A191B0817894089512D0E6EAFEE0AE1BBF0BEAE2F9EFAE17BF0734F0E6EDBB
:20B4A000F6E0AE17BF070CF40895A0E0B0E00895BB2332F4A095B09501E0A00F0027B01FDD
:20B4C00008950E94C5270E9484560E949D3C0E94840D0E94693B0E943F600E94666910E32C
:20B4E000E2E0F3EC05910093AF0705910093B0070E94B9681A95B1F701E00093B50700E0C2
:20B500000093B60710E0EAEFF2EC04E00093B10705910093B207012F0E9481671395183079
:20B52000A1F701E00093B50701E00093B6070DE60093B10700E00093B207B0912706A09109
:20B540002806D0912906D091EA06C091EB06F091ED06E091EE060E946861B0932706A093B3
:20B560002806D093290600E00093400501E0009341050DEC00934205109127062091280619
:20B58000309129064091400550914105609142050E948B6A7093270680932806209229065D
:20B5A00003E00093400508EE0093410500E000934205309127064091280650912906609159
:20B5C00040057091410580914205580F471F361F309327064093280650932906B0912706F4
:20B5E000A0912806D09129060E9420673091270640912806509129066091400570914105B9
:20B6000080914205581B470B360B30932706409328065093290600E00093400500E000939E
:20B62000410509E100934205109127062091280630912906409140055091410560914205EE
:20B640000E948B6A709327068093280620922906B0912706A0912806D09129060AE0009327
:20B66000B10702E00093B2070093B4071A960A2F0093B3070E943D680DE60093B10707E0F4
:20B680000093B207B0912A06A0912B06D0912C06D091F006C091F106F091F306E091F40674
:20B6A0000E946861B0932A06A0932B06D0932C0600E00093400501E0009341050DEC0093B5
:20B6C000420510912A0620912B0630912C064091400550914105609142050E948B6A70936E
:20B6E0002A0680932B0620922C0603E00093400508EE0093410500E00093420530912A06BD
:20B7000040912B0650912C06609140057091410580914205580F471F361F30932A06409357
:20B720002B0650932C06B0912A06A0912B06D0912C060E94206730912A0640912B06509160
:20B740002C06609140057091410580914205581B470B360B30932A0640932B0650932C06D0
:20B7600000E00093400500E00093410509E10093420510912A0620912B0630912C0640911D
:20B78000400550914105609142050E948B6A70932A0680932B0620922C06B0912A06A09171
:20B7A0002B06D0912C060AE00093B10709E00093B2070093B4071A960A2F0093B3070E9435
:20B7C0003D680DE60093B1070EE00093B207B0912D06A0912E06D0912F06D091F606C0912F
:20B7E000F706F091F906E091FA060E946861B0932D06A0932E06D0932F0600E000934005C3
:20B8000001E0009341050DEC0093420510912D0620912E0630912F064091400550914105AF
:20B82000609142050E948B6A70932D0680932E0620922F0603E00093400508EE009341054B
:20B8400000E00093420530912D0640912E0650912F06609140057091410580914205580FE3
:20B86000471F361F30932D0640932E0650932F06B0912D06A0912E06D0912F060E94206760
:20B8800030912D0640912E0650912F06609140057091410580914205581B470B360B3093FB
:20B8A0002D0640932E0650932F0600E00093400500E00093410509E10093420510912D062D
:20B8C00020912E0630912F064091400550914105609142050E948B6A70932D0680932E0604
:20B8E00020922F06B0912D06A0912E06D0912F060AE00093B10700E10093B2070093B40742
:20B900001A960A2F0093B3070E943D680DE60093B10705E10093B207B0913006A09131065B
:20B92000D0913206D091FC06C091FD06F091FF06E09100070E946861B0933006A09331066B
:20B94000D093320600E00093400501E0009341050DEC009342051091300620913106309187
:20B9600032064091400550914105609142050E948B6A70933006809331062092320603E033
:20B980000093400508EE0093410500E00093420530913006409131065091320660914005F8
:20B9A0007091410580914205580F471F361F309330064093310650933206B0913006A09100
:20B9C0003106D09132060E94206730913006409131065091320660914005709141058091C8
:20B9E0004205581B470B360B30933006409331065093320600E00093400500E0009341056B
:20BA000009E1009342051091300620913106309132064091400550914105609142050E9493
:20BA20008B6A709330068093310620923206B0913006A0913106D09132060AE00093B107F7
:20BA400007E10093B2070093B4071A960A2F0093B3070E943D680DE60093B1070CE1009329
:20BA6000B207B0913306A0913406D0913506D0910207C0910307F0910507E09106070E941A
:20BA80006861B0933306A0933406D093350600E00093400501E0009341050DEC0093420511
:20BAA0001091330620913406309135064091400550914105609142050E948B6A709333067D
:20BAC000809334062092350603E00093400508EE0093410500E0009342053091330640911D
:20BAE000340650913506609140057091410580914205580F471F361F3093330640933406F0
:20BB000050933506B0913306A0913406D09135060E9420673091330640913406509135063C
:20BB2000609140057091410580914205581B470B360B30933306409334065093350600E023
:20BB40000093400500E00093410509E10093420510913306209134063091350640914005B9
:20BB600050914105609142050E948B6A709333068093340620923506B0913306A091340674
:20BB8000D09135060AE00093B1070EE10093B2070093B4071A960A2F0093B3070E943D68CE
:20BBA0000DE60093B10703E20093B207B0913606A0913706D0913806D0910807C0910907BB
:20BBC000F0910B07E0910C070E946861B0933606A0933706D093380600E00093400501E0BA
:20BBE000009341050DEC0093420510913606209137063091380640914005509141056091A1
:20BC000042050E948B6A70933606809337062092380603E00093400508EE0093410500E05D
:20BC200000934205309136064091370650913806609140057091410580914205580F471F5E
:20BC4000361F309336064093370650933806B0913606A0913706D09138060E9420673091EB
:20BC600036064091370650913806609140057091410580914205581B470B360B3093360681
:20BC8000409337065093380600E00093400500E00093410509E100934205109136062091B0
:20BCA0003706309138064091400550914105609142050E948B6A70933606809337062092FB
:20BCC0003806B0913606A0913706D09138060AE00093B10705E20093B2070093B4071A9636
:20BCE0000A2F0093B3070E943D680DE60093B1070AE20093B20700E00093400500E00093D6
:20BD0000410508E30093420510910E0720910F07309110074091400550914105609142054E
:20BD20000E948B6A70931A0780931B0720921C0710911107209112073091130740914005CA
:20BD400050914105609142050E948B6A70931D0780931E0720921F07B0913906A0913A06C5
:20BD6000D0913B06D0911A07C0911B07F0911D07E0911E070E946861B0933906A0933A0691
:20BD8000D0933B0600E00093400501E0009341050DEC009342051091390620913A06309128
:20BDA0003B064091400550914105609142050E948B6A7093390680933A0620923B0603E0CB
:20BDC0000093400508EE0093410500E0009342053091390640913A0650913B066091400599
:20BDE0007091410580914205580F471F361F3093390640933A0650933B06B0913906A09198
:20BE00003A06D0913B060E9420673091390640913A0650913B066091400570914105809156
:20BE20004205581B470B360B3093390640933A0650933B0600E00093400500E0009341050B
:20BE400009E1009342051091390620913A0630913B064091400550914105609142050E9434
:20BE60008B6A7093390680933A0620923B06B0913906A0913A06D0913B060AE00093B1077D
:20BE80000CE20093B2070093B4071A960A2F0093B3070E943D680DE60093B10701E30093E8
:20BEA000B20700E00093400500E00093410508E3009342051091140720911507309116072C
:20BEC0004091400550914105609142050E948B6A7093200780932107209222071091170757
:20BEE00020911807309119074091400550914105609142050E948B6A70932307809324071A
:20BF000020922507B0913C06A0913D06D0913E06D0912007C0912107F0912307E09124075F
:20BF20000E946861B0933C06A0933D06D0933E0600E00093400501E0009341050DEC0093F6
:20BF4000420510913C0620913D0630913E064091400550914105609142050E948B6A7093AF
:20BF60003C0680933D0620923E0603E00093400508EE0093410500E00093420530913C06EC
:20BF800040913D0650913E06609140057091410580914205580F471F361F30933C06409399
:20BFA0003D0650933E06B0913C06A0913D06D0913E060E94206730913C0640913D0650915A
:20BFC0003E06609140057091410580914205581B470B360B30933C0640933D0650933E0600
:20BFE00000E00093400500E00093410509E10093420510913C0620913D0630913E0640915F
:20C00000400550914105609142050E948B6A70933C0680933D0620923E06B0913C06A091A0
:20C020003D06D0913E060AE00093B10703E30093B2070093B4071A960A2F0093B3070E948B
:20C040003D6801E00093B50702E00093B60700E00093B10709E30093B207EF93FF93E4EF8F
:20C06000F2EC0E947B67FF91EF910E9411690E94CC69083009F408950C94635A089503E0AC
:20C080000093400508E70093410500E0009342053091090640910A0650910B06609140056D
:20C0A000709141058091420558174707360764F000914005009309060091410500930A06A1
:20C0C0000091420500930B0600E00093F3070091DB070093F407EF93FF93E7E2F6E06091D2
:20C0E000F30703E0609FE00DF11D3191419151913093990640939A0650939B06FF91EF918A
:20C100000091F40706950093F40708F484C00091E30700230AF469C0EF93FF93EFE3F6E0A9
:20C120006091F30703E0609FE00DF11D319141915191309340054093410550934205FF91E6
:20C14000EF913091990640919A0650919B06609140057091410580914205581B470B360B31
:20C160003093BE054093BF055093C0051091BE052091BF053091C00540919C0650919D06A4
:20C1800060919E060E948B6A7093BE058093BF052092C0053091400540914105509142051A
:20C1A0006091BE057091BF058091C005580F471F361F3093990640939A0650939B06EF9333
:20C1C000FF933091990640919A0650919B06EFE3F6E06091F30703E0609FE00DF11D319346
:20C1E00041935193FF91EF9153C0EF93FF93E7E5F6E06091F30703E0609FE00DF11D319124
:20C20000419151913093990640939A0650939B06FF91EF913DC00091420800238AF40091F7
:20C22000E30700238AF4009109060093990600910A0600939A0600910B0600939B0628C00F
:20C240000091E3070023EAF03091990640919A0650919B066091090670910A0680910B06E0
:20C2600058174707360764F4009109060093990600910A0600939A0600910B0600939B06F0
:20C2800007C000E00093990600939A0600939B06EF93FF933091990640919A0650919B06F7
:20C2A000E7E2F6E06091F30703E0609FE00DF11D319341935193FF91EF910091F307039568
:20C2C0000093F3070091F307083009F004CF0895B595A795B595A795B595A795AC17BD078C
:20C2E0001CF4BD2FAC2F0895AE17BF0714F0BF2FAE2F08954241434B000000070E151C2359
:20C300002A310A010A030A080A0A0A0F0A110A160A180A1D0A1F0A240A260A2B0A2D0A32B8
:20C320000A343A013A033A083A0A3A0F3A113A163A183A1D3A1F3A243A263A2B3A2D3A32E5
:20C340003A346B016B036B086B0A6B0F6B116B166B186B1D6B1F6B246B266B2B6B2D6B32B6
:20C360006B34CCEAD3ECA091B807B091B7070BE10E94C50BC093B807D093B70708F0089594
:20C38000AA0FE8ECF5ECEA0F0027F01FA591B491FD0109950E94BB0B0E9466690E941169F4
:20C3A0000E94CC690030E1F70C94B161446F6E6174652020202020202020202020202020D1
:20C3C000504920456469746F7220202020202020202020205265636569766572205465735C
:20C3E0007420202020202020526563656976657220536C6964657273202020204D6F6465B9
:20C400002053657474696E677320202020202020537469636B205363616C696E672020208C
:20C42000202020204D6973632E2053657474696E67732031202020204D6973632E205365EE
:20C440007474696E67732032202020204D6973632E2053657474696E677320332020202073
:20C4600053656C662D6C6576656C2053657474696E67732043616D65726120537461622049
:20C4800053657474696E67734D5055363035302053657474696E67732020202053656E7304
:20C4A0006F72205465737420202020202020202053656E736F72204D6178204D696E202077
:20C4C000202020204143432043616C6962726174696F6E20202020205265636569766572B8
:20C4E000204368616E6E656C204D61704D6978657220456469746F72202020202020202099
:20C5000053686F77204D6F746F72204C61796F75742020204C6F6164204D6F746F72204C2E
:20C5200061796F75742020204F757470757420536C69646572732020202020204779726F81
:20C5400020427562626C652020202020202020204163632020427562626C6520202020201C
:20C5600020202020456E642020506F696E74204C696D69747320202050726F66696C6573A4
:20C58000202020202020202020202020446562756720202020202020202020202020202054
:20C5A00056657273696F6E20202020202020202020202020466163746F727920526573656E
:20C5C00074202020202020200078B637E14C9E4FB71B191FF01D1572FC73BA114901052041
:20C5E000FF62CF6D15181208CE39A612040E615A85702D71C3743E760F33370A620A0E94BC
:20C6000066690E94216401E00093B50702E00093B60700E00093B10700E00093B207EF93E9
:20C62000FF93E4EFF7EC0E947B67FF91EF91B0916A05A0916B05D0916C050E9420670E9430
:20C64000B66300E00093B10709E00093B207EF93FF93EEEFF7EC0E947B67FF91EF91B091B8
:20C660006705A0916805D09169050E9420670E94B66300E00093B10702E10093B207EF9321
:20C68000FF93E8E0F8EC0E947B67FF91EF91B0916D05A0916E05D0916F050E9420670E94D1
:20C6A000B66300E00093B1070BE10093B207EF93FF93E2E1F8EC0E947B67FF91EF91B0916E
:20C6C0008805A0918905D0918A050E9420670E94D86300E00093B10704E20093B207EF9339
:20C6E000FF93ECE1F8EC0E947B67FF91EF91B0918B05A0918C05D0918D050E9420670E9412
:20C70000D86300E00093B1070DE20093B207EF93FF93E6E2F8EC0E947B67FF91EF91B091E3
:20C720008E05A0918F05D09190050E9420670E94D86300E00093B10709E30093B207EF93C0
:20C74000FF93E0E3F8EC0E947B67FF91EF910E941169D5E0C0E00E94BE69DA95D9F70E94F1
:20C76000CC69083009F408950C94FF620CE40093B107C0E9D1E00E94C96970F0C6E7D2E089
:20C780000E94C96948F4EF93FF93E6E3F8EC0E947B67FF91EF910895EF93FF93EAE3F8ECD2
:20C7A0000E947B67FF91EF9100270093EF0708950CE40093B107C2ECD1E00E94C96970F0CA
:20C7C000C2E5D3E00E94C96948F4EF93FF93E6E3F8EC0E947B67FF91EF910895EF93FF93E9
:20C7E000EAE3F8EC0E947B67FF91EF9100270093EF0708954779726F20583A200000477974
:20C80000726F20593A2000004779726F205A3A2000002041636320583A20000020416363CF
:20C8200020593A20000020416363205A3A2000004241434B00004F4B00004E6F74204F4B94
:20C84000000003E000937C0007EC00937A000BE30093AD072EE00E94EA64A4ECB9E0DD2786
:20C86000119750F000917A0006FDFACFF894A0917800B09179007894B093A305A093A40537
:20C88000D093A5053091E7064091E8065091E9066091A3057091A4058091A505580F471F83
:20C8A000361F3093A3054093A4055093A5050090EC0700940092F0070090E1071090F00700
:20C8C00001200092F1070091F107002312F40E94906C089512E004EA0093BC0021D200910D
:20C8E000B900087F083021F0003111F08894089500ED0093BB0004E80093BC0011D20091DA
:20C90000B900087F083139F01A95103011F0003211F3889408950894089512E004EA0093EA
:20C92000BC00FED10091B900087F083021F0003111F08894089501ED0093BB0004E80093AC
:20C94000BC00EED10091B900087F003439F01A95103011F0083411F388940895089408950C
:20C960000E946A6408F008950091AD070E94DB6408F008950E948D6408F0089512E00E943B
:20C98000C86420F40091BB00089408958894089504E80093BC00C4D10091B900087F003543
:20C9A00031F0083521F08894103091F708950E949566089408950093BB0004E80093BC0028
:20C9C000AFD10091B900087F083211F088940895089408950E946A6408F008950091AD078F
:20C9E0000E94DB6408F008950E948D6408F0089512E005D010F408940895889408952A951D
:20CA0000203011F004EC01C004E80093BC000E9490660091B900087F003521F0083511F0EC
:20CA200088940895DD272D3019F4B091BB0060C12C3009F402C00C945265A091BB00B09311
:20CA40008B05A0938C05D0938D0560918B0570918C0580918D0506E00E947C6A60938B05E6
:20CA600070938C0580938D05A0E0B2E0B0934305A0934405D093450530918B0540918C0504
:20CA800050918D05609143057091440580914505580F471F361F30938B0540938C05509389
:20CAA0008D0526C12B3019F4B091BB0021C12A3009F402C00C949B65A091BB00B093880542
:20CAC000A0938905D0938A05609188057091890580918A05552744273327581B470B360BAF
:20CAE000309388054093890550938A05609188057091890580918A0506E00E947C6A609305
:20CB000088057093890580938A05309188054091890550918A0560914305709144058091A4
:20CB20004505580F471F361F309388054093890550938A05DDC0293019F4B091BB00D8C0CF
:20CB4000283069F5A091BB00B0938E05A0938F05D093900560918E0570918F0580919005DF
:20CB600006E00E947C6A60938E0570938F058093900530918E0540918F0550919005609162
:20CB800043057091440580914505580F471F361F30938E0540938F0550939005A9C0273091
:20CBA00019F4B091BB00A4C0263049F4A091BB00B093A905A093AA05D093AB0599C02530F5
:20CBC00019F4B091BB0094C0243069F5A091BB00B0936A05A0936B05D0936C0560916A05D1
:20CBE00070916B0580916C0506E00E947C6A60936A0570936B0580936C0530916A0540917A
:20CC00006B0550916C05609143057091440580914505580F471F361F30936A0540936B05DD
:20CC200050936C0565C0233019F4B091BB0060C0223069F5A091BB00B0936705A093680514
:20CC4000D093690560916705709168058091690506E00E947C6A6093670570936805809369
:20CC60006905309167054091680550916905609143057091440580914505580F471F361F8C
:20CC800030936705409368055093690531C0213019F4B091BB002CC0A091BB00B0936D05FC
:20CCA000A0936E05D0936F0560916D0570916E0580916F0506E00E947C6A60936D057093C5
:20CCC0006E0580936F0530916D0540916E0550916F05609143057091440580914505580F49
:20CCE000471F361F30936D0540936E0550936F05203009F084CE0E94956608940895EADD6F
:20CD000008F008950091AD0756DE08F00895022F52DE20F40E94956608940895889408956C
:20CD20000091BC0007FFFCCF089504E90093BC0008952F923F924F925F926F927F928F92C8
:20CD40001F932F933F934F935F936F937F938F939F93AF93BF93CF93DF93EF93FF93109134
:20CD6000B4070091B2070093B4070E943D680091B20703950093B207011798F3FF91EF9138
:20CD8000DF91CF91BF91AF919F918F917F916F915F914F913F912F911F918F907F906F9096
:20CDA0005F904F903F902F9008952F923F924F925F926F927F928F921F932F933F934F93BB
:20CDC0005F936F937F938F939F93AF93BF93CF93DF93EF93FF931091B1072091B2073091F9
:20CDE000B3074091B4072093B4070E943D683093B1074093B2070E943D681093B3074093BA
:20CE0000B4070E943D681093B1072093B2070E943D68FF91EF91DF91CF91BF91AF919F9162
:20CE20008F917F916F915F914F913F912F911F918F907F906F905F904F903F902F9008958C
:20CE40002F923F924F925F926F927F928F921F932F933F934F935F936F937F938F939F93B9
:20CE6000AF93BF93CF93DF93EF93FF930A2F0B2B21F400E30E94816722C01127BB2342F417
:20CE8000A095B09501E0A00F0027B01F0DE239D0ECEEFEEC25E03FEFC591D591AC1BBD0B58
:20CEA0003395E0F7AC0FBD1F332319F411232AF401C01FEF032F005D24D02A9561F7FF918E
:20CEC000EF91DF91CF91BF91AF919F918F917F916F915F914F913F912F911F918F907F90D4
:20CEE0006F905F904F903F902F9008951027E80364000A0001000591002311F002D0FBCF53
:20CF000008952F923F924F925F926F927F928F921F932F933F934F935F936F937F938F938D
:20CF20009F93AF93BF93CF93DF93EF93FF93A091B607A43029F40D3211F400E001C00F521E
:20CF4000A091B607B6E0AB9FECE8FFECE00DF11DA591B591159125913491FD0129D0FF9125
:20CF6000EF91DF91CF91BF91AF919F918F917F916F915F914F913F912F911F918F907F9033
:20CF80006F905F904F903F902F90089558F60406040078F60406040040F10608060080F309
:20CFA000080C0C0080F30C10180078F510102000A02FB02FAF71B076B03419F4A05E0C947A
:20CFC000E467B03609F4A05CA39FE00DF11DA12FC22F06D00091B107010F0093B107089512
:20CFE0002F923F924F925F926F927F928F921F932F933F934F935F936F937F938F939F9318
:20D00000AF93BF93CF93DF93EF93FF9311E03C2F0091B2070093B0072A2F0091B10700936F
:20D02000AF071A9511F418E04591440F08F4A1D00091AF0703950093AF072A9591F70091F8
:20D04000B00703950093B0073A9531F7FF91EF91DF91CF91BF91AF919F918F917F916F9170
:20D060005F914F913F912F911F918F907F906F905F904F903F902F9008952F923F924F9207
:20D080005F926F927F928F921F932F933F934F935F936F937F938F939F93AF93BF93CF93F4
:20D0A000DF93EF93FF9311E021E031E041E05091B3070091B107501B1AF451951FEF2FEF57
:20D0C0006091B4070091B207601B1AF461953FEF4FEF561728F410E0052F562F602F01C0ED
:20D0E00030E0752F760F252E33240091B1070093AF070091B2070093B007550F660F39D045
:20D10000772301F1FAF0261A0027300A7AF40091AF07020F0093AF070091B007040F0093FB
:20D12000B007250E0027301E7250E9CF0091AF07010F0093AF070091B007030F0093B007D2
:20D140007150DDCFFF91EF91DF91CF91BF91AF919F918F917F916F915F914F913F912F9132
:20D160001F918F907F906F905F904F903F902F9008952F923F924F925F926F927F928F9242
:20D180001F932F933F934F935F936F937F938F939F93AF93BF93CF93DF93EF93FF93E0E0D1
:20D1A000F1E0A091B007B0E0A873AA0FAA0FAA0FBB1FAA0FBB1FEA0FFB1F0091AF070F7793
:20D1C000E00F0027F01FA091B007A770A395B0E00894BB1FAA95E9F7A0810091B50700233D
:20D1E00039F0023011F0AB2B04C0B095AB2301C0AB27A083FF91EF91DF91CF91BF91AF9100
:20D200009F918F917F916F915F914F913F912F911F918F907F906F905F904F903F902F9015
:20D2200008952F923F924F925F926F927F928F921F932F933F934F935F936F937F938F936A
:20D240009F93AF93BF93CF93DF93EF93FF93ECEBF2EDC591CF3F11F06ED0FBCFC1E86BD019
:20D26000EBEAF0E00E94E869CA2F65D0A0EBE0E0F1E0CA2F60D0C0E15ED0C0E05CD0B0E870
:20D28000C1915BD0BA95E1F7A395A83B91F7FF91EF91DF91CF91BF91AF919F918F917F9177
:20D2A0006F915F914F913F912F911F918F907F906F905F904F903F902F900895AF40A0A603
:20D2C000A4A2EEC82F24AC00F800E3FF2F923F924F925F926F927F928F921F932F933F939C
:20D2E0004F935F936F937F938F939F93AF93BF93CF93DF93EF93FF93E0E0F1E0A0E0B4E0D1
:20D3000000E001931197E9F7FF91EF91DF91CF91BF91AF919F918F917F916F915F914F9171
:20D320003F912F911F918F907F906F905F904F903F902F9008955F9801C05F9A5D9815D0FC
:20D34000BF93B8E0CC0F18F00000599803C0599A000000000AD05C9808D05C9A06D0BA9598
:20D3600089F75D9A02D0BF91089504E00A95F1F70895CAE003D01197E1F708950AEF0A953D
:20D3800000000000000000000000C9F7CA95B1F70895AC17BD070895AF93CF9303B1009518
:20D3A00002950F7039F0C4E60E94BE6903B1009502950F70CF91AF9108950E94CC69003018
:20D3C000E1F70E94CC690030E1F30E94BB0B089535D03196A02F32D03196B02F08950A2F7C
:20D3E00045D031960B2F42D03196089527D03196A02F089559D03196A02F089569D031961B
:20D40000A02F08950A2F32D0319608950A2F54D03196089513D03196D02F10D03196A02F21
:20D420000DD03196B02F08950D2F20D031960A2F1DD031960B2F1AD031960895F999FECF05
:20D44000CF93DF93EF93FF9300914C08002322F0C0E0D4E0EC0FFD1FE1BDF2BD01E00FBB67
:20D4600000B5FF91EF91DF91CF910895F894F999FECFCF93DF93EF93FF930F9300914C0820
:20D48000002322F0C0E0D4E0EC0FFD1FE1BDF2BD0F9100BD04E00FBB02E00FBBFF91EF91D8
:20D4A000DF91CF9178940895F999FECFE1BDF2BD01E00FBB00B50895F894F999FECFE1BDC1
:20D4C000F2BD00BD04E00FBB02E00FBB78940895F999FECFCF93DF93EF93FF93C0E0D4E042
:20D4E000EC0FFD1FE1BDF2BD01E00FBB00B5FF91EF91DF91CF9108956595779587950A952A
:20D50000D9F7801F701F601F0895880F771F661F0A95D9F70895312E3426112342F430954B
:20D520002095109501E0300F0027201F101F442342F460955095409501E0600F0027501FAA
:20D54000401F88277727369F0F92212C0027359F200C811D701F349F800D711D269F200C29
:20D56000811D701F259F800D711D249F700D169F800D711D159F700D0F90000C201E801FD6
:20D58000701F22F40FEF202E802F7FE7332042F420948095709501E0200E0027801F701FCA
:20D5A0000895602F332E3626332342F450954095309501E0500F0027401F301F66230AF4DB
:20D5C0006195882777270027569F202D212C469F200C811D701F369F800D711D220F201EB5
:20D5E000801F701F332022F4D219A80BB70B0895D20DA81FB71F0895412E112342F43095E0
:20D600002095109501E0300F0027201F101F882777273C9F302C212C00272C9F200C811D6E
:20D62000701F1C9F800D711D330C201E801F701F442042F420948095709501E0200E00273C
:20D64000801F701F0895722D7625222052F4509440943094209401E0500E0027401E301EFB
:20D66000201E662052F4909480947094609401E0900E0027801E701E601E11272227332745
:20D68000442755270027599C612D589C600D511D401F499C600D511D401F579C500D411DFE
:20D6A000301F489C500D411D301F399C500D411D301F569C400D311D201F479C400D311D04
:20D6C000201F389C400D311D201F299C400D311D201F469C300D211D101F379C300D211DE4
:20D6E000101F289C300D211D101F369C200D111D279C200D111D269C100D550F401F301F51
:20D70000201F101F772352F4409530952095109501E0400F0027301F201F101F089555952C
:20D720006795779587950A95D1F7801F701F601F501F0895732D7227332062F470946094CB
:20D7400050944094309401E0700E0027601E501E401E301E222362F4609550954095309520
:20D76000209501E0600F0027501F401F301F201FBB27CC27DD27EE27FF278824992400277D
:20D78000769EA12C759EA00C911C801E669EA00C911C801E659E900C811CF01F749E900CAA
:20D7A000811CF01F569E900C811CF01F739E800CF11DE01F469E800CF11DE01F649E800CCC
:20D7C000F11DE01F559E800CF11DE01F729EF00DE11DD01F369EF00DE11DD01F639EF00DFA
:20D7E000E11DD01F459EF00DE11DD01F549EF00DE11DD01F629EE00DD11DC01F359EE00D19
:20D80000D11DC01F539EE00DD11DC01F449EE00DD11DC01F529ED00DC11DB01F349ED00DCB
:20D82000C11DB01F439ED00DC11DB01F429EC00DB11D339EC00DB11D329EB00D880CF01FB9
:20D84000E01FD01FC01FB01F772362F4F095E095D095C095B09501E0F00F0027E01FD01F4E
:20D86000C01FB01F0895359447945794679477940A95C9F7701E601E501E401E301E0895A6
:20D8800000E00093400500934105009342050091400500937F0500914105009380050091B0
:20D8A0004205009381050091400500938205009141050093830500914205009384050091A1
:20D8C000400500938505009141050093860500914205009387050091400500939A05009161
:20D8E000410500939B050091420500939C050091400500939D050091410500939E050091FA
:20D90000420500939F05009140050093A005009141050093A105009142050093A2050895BC
:20D9200002E000936F0600E00093700600E0009371060091670500934005009168050093C4
:20D94000410500916905009342050E94966D30917F054091800550918105609140057091CA
:20D9600041058091420558174707360764F40091400500937F05009141050093800500914A
:20D9800042050093810500916A050093400500916B050093410500916C05009342050E94F7
:20D9A000966D3091820540918305509184056091400570914105809142055817470736078A
:20D9C00064F400914005009382050091410500938305009142050093840500916D05009383
:20D9E000400500916E050093410500916F05009342050E94966D30918505409186055091F9
:20DA0000870560914005709141058091420558174707360764F400914005009385050091CF
:20DA200041050093860500914205009387050091880500934005009189050093410500910C
:20DA40008A05009342050E94966D30919A0540919B0550919C0560914005709141058091D7
:20DA6000420558174707360764F40091400500939A050091410500939B0500914205009390
:20DA80009C0500918B050093400500918C050093410500918D05009342050E94966D30918E
:20DAA0009D0540919E0550919F0560914005709141058091420558174707360764F4009113
:20DAC000400500939D050091410500939E050091420500939F0500918E0500934005009123
:20DAE0008F050093410500919005009342050E94966D3091A0054091A1055091A2056091BE
:20DB00004005709141058091420558174707360764F4009140050093A00500914105009357
:20DB2000A105009142050093A205089530914005409141055091420560916F06709170066E
:20DB400080917106581B470B360B309340054093410550934205B0914005A0914105D0918E
:20DB600042050E94585AB0934005A0934105D0934205309140054091410550914205609129
:20DB80006F067091700680917106580F471F361F30934005409341055093420508950E9465
:20DBA000666901E00093B50702E00093B60700E00093B10700E00093B20700E000936F06F5
:20DBC00000937006009371060091A005009340050091A105009341050091A2050093420502
:20DBE00030914005409141055091420560916F06709170068091710658174707360751F43C
:20DC0000EF93FF93E6EFF0EE0E947B67FF91EF910C943C6FEF93FF93E4EFF7EC0E947B6710
:20DC2000FF91EF91B0918205A0918305D091840502E00093400500E00093410500E0009383
:20DC40004205309182054091830550918405609140057091410580914205581B470B360B97
:20DC60003093400540934105509342050E94E76F00E00093B10709E00093B207EF93FF93ED
:20DC8000EEEFF7EC0E947B67FF91EF91B0917F05A0918005D091810502E00093400500E034
:20DCA0000093410500E00093420530917F0540918005509181056091400570914105809141
:20DCC0004205581B470B360B3093400540934105509342050E94E76F00E00093B10702E1A6
:20DCE0000093B207EF93FF93E8E0F8EC0E947B67FF91EF91B0918505A0918605D091870510
:20DD000002E00093400500E00093410500E0009342053091850540918605509187056091D1
:20DD200040057091410580914205581B470B360B3093400540934105509342050E94E76FB6
:20DD400000E00093B1070BE10093B207EF93FF93E2E1F8EC0E947B67FF91EF91B0919A0531
:20DD6000A0919B05D0919C0502E00093400500E00093410500E00093420530919A05409172
:20DD80009B0550919C05609140057091410580914205581B470B360B309340054093410565
:20DDA000509342050E94576F00E00093B10704E20093B207EF93FF93ECE1F8EC0E947B672B
:20DDC000FF91EF91B0919D05A0919E05D0919F0502E00093400500E00093410500E0009391
:20DDE000420530919D0540919E0550919F05609140057091410580914205581B470B360BA5
:20DE00003093400540934105509342050E94576F00E00093B1070DE20093B207EF93FF93D5
:20DE2000E6E2F8EC0E947B67FF91EF91B091A005A091A105D091A20502E00093400500E043
:20DE40000093410500E0009342053091A0054091A1055091A205609140057091410580913C
:20DE60004205581B470B360B3093400540934105509342050E94576F00E00093B10709E38B
:20DE80000093B207EF93FF93E0EEF0EE0E947B67FF91EF910E9411690E94CC69083009F4BA
:20DEA0000895013011F40E94406C0C94CF6D00913D080871069506950695003091F460919F
:20DEC0004005709141058091420508E00E947C6A6093400570934105809342050E94AB6F57
:20DEE0000895013091F460914005709141058091420507E00E947C6A60934005709341050A
:20DF0000809342050E94AB6F0895023091F460914005709141058091420506E00E947C6A54
:20DF20006093400570934105809342050E94AB6F089560914005709141058091420505E0F3
:20DF40000E947C6A6093400570934105809342050E94AB6F0895B0914005A0914105D091A7
:20DF600042050E9420670EE20E948167AD2FBB27B0934005A0934105D093420500E00093DB
:20DF80006F0600E0009370060AE00093710610914005209141053091420540916F06509123
:20DFA0007006609171060E948B6A709340058093410520924205B0914005A0914105D091F4
:20DFC00042050E94206707E60E948167089500913C080871069506950695003091F46091F8
:20DFE0004005709141058091420501E00E947C6A6093400570934105809342050E942C70BB
:20E000000895013019F40E942C700895023091F460914005709141058091420501E00E943B
:20E02000856A6093400570934105809342050E942C70089560914005709141058091420566
:20E0400002E00E94856A6093400570934105809342050E942C700895B0914005A09141059A
:20E06000D09142050E9420670EE20E948167AD2FBB27B0934005A0934105D093420500E00C
:20E0800000936F0600E0009370060AE00093710610914005209141053091420540916F0670
:20E0A00050917006609171060E948B6A709340058093410520924205B0914005A091410573
:20E0C000D09142050E942067EF93FF93EAEDF0EE0E947B67FF91EF9108956465672F7300A3
:20E0E0004241434B202020202020202020202020434C454152004E6F207265636F72646567
:20E10000642076616C75657300000E9466690E94216401E00093B50700E00093B1070FE108
:20E120000093B2070093B4070FE70093B3070E943D680FE30093B1070093B3070093B407E3
:20E1400000E00093B2070E943D6801E00093B50705E00093B6073091730540917405509183
:20E16000750560916A0570916B0580916C05581B470B360B30934005409341055093420581
:20E1800000E000936F060CE10093700600E000937106309140054091410550914205609181
:20E1A0006F067091700680917106580F471F361F309340054093410550934205B0914005F8
:20E1C000A0914105D0914205A093B207309170054091710550917205609167057091680594
:20E1E00080916905581B470B360B30934005409341055093420500E000936F060CE30093E5
:20E20000700600E00093710630914005409141055091420560916F067091700680917106F4
:20E22000580F471F361F309340054093410550934205B0914005A0914105D0914205A09399
:20E24000B10706E00E9481670E9411690E94CC69003009F008950C9485700091EA070023A3
:20E260000AF408950E9466690E94216401E00093B50700E00093B1070FE10093B207009341
:20E28000B4070FE70093B3070E943D680FE30093B1070093B3070093B40700E00093B20735
:20E2A0000E943D6801E00093B50705E00093B60730919105409192055091930560918805FC
:20E2C0007091890580918A05581B470B360B30934005409341055093420500E000936F06D6
:20E2E0000CE10093700600E00093710630914005409141055091420560916F06709170061C
:20E3000080917106580F471F361F309340054093410550934205B0914005A0914105D091AA
:20E320004205A093B20730919405409195055091960560918B0570918C0580918D05581B40
:20E34000470B360B30934005409341055093420500E000936F060CE30093700600E000938C
:20E36000710630914005409141055091420560916F067091700680917106580F471F361F5A
:20E38000309340054093410550934205B0914005A0914105D0914205A093B10706E00E941A
:20E3A00081670E9411690E94CC69003009F008950C942D715898C6E70E94E571589ACAE746
:20E3C0000E94E571AA95B1F7089500C000C000C000C000C000C000C000C00000CA95A9F7C2
:20E3E00008950091370800230AF00FC000270093C0000093C5000AE00093C40000E9009335
:20E40000C10006E00093C200089502E00093C00000270093C50008E10093C40000E90093F3
:20E42000C1000EE20093C20008950E94666901E00093B50702E00093B60700E00093B1073B
:20E4400001E00093B207EF93FF93E8E3F7EE0E947B67FF91EF91E3EAF0E00E94F669A030C9
:20E4600049F4EF93FF93ECEDF7EE0E947B67FF91EF9134C0A13049F4EF93FF93E2ECF7EE30
:20E480000E947B67FF91EF9129C0A23049F4EF93FF93E6ECF7EE0E947B67FF91EF911EC0B3
:20E4A000A33049F4EF93FF93E8ECF7EE0E947B67FF91EF9113C0A43049F4EF93FF93E8ED1E
:20E4C000F7EE0E947B67FF91EF9108C0EF93FF93ECECF7EE0E947B67FF91EF9100E0009323
:20E4E000B1070AE00093B207EF93FF93EAE4F7EE0E947B67FF91EF910E94F669AA234AF4C7
:20E50000EF93FF93EAEBF7EE0E947B67FF91EF9108C0EF93FF93EEEBF7EE0E947B67FF91EB
:20E52000EF9100E00093B10703E10093B207EF93FF93ECE5F7EE0E947B67FF91EF910E9400
:20E54000F669AA234AF4EF93FF93EAEBF7EE0E947B67FF91EF9108C0EF93FF93EEEBF7EE55
:20E560000E947B67FF91EF9100E00093B1070CE10093B207EF93FF93EEE6F7EE0E947B6752
:20E58000FF91EF910E94F669A03049F4EF93FF93EEEBF7EE0E947B67FF91EF9113C0A13053
:20E5A00049F4EF93FF93E0EDF7EE0E947B67FF91EF9108C0EF93FF93E4EDF7EE0E947B67AE
:20E5C000FF91EF9100E00093B10705E20093B207EF93FF93E0E8F7EE0E947B67FF91EF9178
:20E5E0000E94F669AA234AF4EF93FF93EAEBF7EE0E947B67FF91EF9108C0EF93FF93EEEBF8
:20E60000F7EE0E947B67FF91EF9100E00093B1070EE20093B207EF93FF93E2E9F7EE0E94B4
:20E620007B67FF91EF910E94F6690E94633B0E94206700E00093B10709E30093B207EF9399
:20E64000FF93E4EAF7EE0E947B67FF91EF91E0EEF7EE04E0019FE00DF11D05910093B107CE
:20E6600005910093B20705910093B30704910093B40700E00093B5070E9499660E94116906
:20E680000E94DD69083009F40895043021F41A950AF415E0CACE023029F41395163009F403
:20E6A00010E0C3CE013081F4103079F400914108039506300CF000E000934108A02FE3EA8A
:20E6C000F0E00E94026AB1CEB0CE133079F40091440803950370033009F400E000934408D8
:20E6E000A02FE6EAF0E00E94026A9FCE153089F4E8EAF0E00E94E869CAEFDFEFE6E0F0E0BC
:20E700000E94FD38A02DB12DE8EAF0E00E94EF698CCEE3EAF0E001E0019FE00DF11D0E94C6
:20E72000F66900E8A027E3EAF0E001E0019FE00DF11D0E94026A79CE426F617264204F66A0
:20E74000667365742020203A20005370696E206F6E2041726D202020203A2000535320478F
:20E76000696D62616C2020202020203A200047696D62616C20436F6E74726F6C203A2000B3
:20E78000416C7420536166652053637265656E3A20004261747420566F6C74205472696DD3
:20E7A000203A20004241434B2050524556204E455854204348414E474500596573004E6F5E
:20E7C00000002D34350030002B3435003138300041757800362637002B3930002D3930005B
:20E7E00064007A0964097A1264127A1B641B7A2464247A2D642D7A360E94666901E00093BC
:20E80000B50702E00093B60700E00093B10701E00093B207EF93FF93ECE3F9EE0E947B6764
:20E82000FF91EF91EAEAF0E00E94F669AA234AF4EF93FF93E6E7F9EE0E947B67FF91EF91BC
:20E8400008C0EF93FF93EAE7F9EE0E947B67FF91EF9100E00093B1070AE00093B207EF93AD
:20E86000FF93EEE4F9EE0E947B67FF91EF910E94F6690E94633B0E94206700E00093B10724
:20E8800009E30093B207EF93FF93E0E6F9EE0E947B67FF91EF91EEE7F9EE04E0019FE00DBE
:20E8A000F11D05910093B10705910093B20705910093B30704910093B40700E00093B50792
:20E8C0000E9499660E9411690E94DD69083009F40895043021F41A950AF411E08DCF02304C
:20E8E00029F41395123009F410E086CF013029F5113089F4EBEAF0E00E94E869C0E0D0E0DA
:20E90000E4E6F0E00E94FD38A02DB12DEBEAF0E00E94EF6971CFEAEAF0E001E0019FE00DEA
:20E92000F11D0E94F66900E8A027EAEAF0E001E0019FE00DF11D0E94026A5ECF536572761E
:20E940006F73204F6E2041726D20203A2000436F6E7472617374202020202020203A200096
:20E960004241434B2050524556204E455854204348414E474500596573004E6F00006400B2
:20E980007A0964097A120E94666901E00093B50702E00093B60700E00093B10705E0009385
:20E9A000B207EF93FF93E0EFFBEE0E947B67FF91EF9100E00093B1070EE00093B207EF9357
:20E9C000FF93E6E0FCEE0E947B67FF91EF91EEEAF0E00E94E8690E94206709E20093B10767
:20E9E0000E94E8690E94206700E00093B10707E10093B207EF93FF93EAE0FCEE0E947B6750
:20EA0000FF91EF910E94E8690E94206709E20093B1070E94E8690E94206700E00093B1074D
:20EA200000E20093B207EF93FF93EEE0FCEE0E947B67FF91EF910E94E8690E94206709E241
:20EA40000093B1070E94E8690E94206700E00093B10709E20093B207EF93FF93E2E1FCEE2C
:20EA60000E947B67FF91EF910E94E8690E94206709E20093B1070E94E8690E94206702E4AE
:20EA80000093B1070EE00093B207EF93FF93E6E1FCEE0E947B67FF91EF910E94E8690E9403
:20EAA00020670BE60093B1070E94E8690E94206702E40093B10707E10093B207EF93FF93FE
:20EAC000EAE1FCEE0E947B67FF91EF910E94E8690E9420670BE60093B1070E94E8690E9400
:20EAE000206702E40093B10700E20093B207EF93FF93EEE1FCEE0E947B67FF91EF910E942D
:20EB0000E8690E9420670BE60093B1070E94E8690E94206702E40093B10709E20093B207BB
:20EB2000EF93FF93E2E2FCEE0E947B67FF91EF910E94E8690E9420670BE60093B1070E9485
:20EB4000E8690E94206700E00093B10709E30093B207EF93FF93E6E2FCEE0E947B67FF91FE
:20EB6000EF91ECE3FCEE04E0019FE00DF11D05910093B10705910093B20705910093B30737
:20EB800004910093B40700E00093B5070E9499660E9411690E94DD69083009F408950430B8
:20EBA00021F41A950AF41FE0EECE023029F41395103109F410E0E7CE0130C1F4EEEAF0E070
:20EBC00002E0019FE00DF11D0E94E869C0E0D0E0E4E6F0E00E94FD38A02DB12DEEEAF0E0B1
:20EBE00002E0019FE00DF11D0E94EF69CCCE08954F50204D696E204D6178204F50204D69A9
:20EC00006E204D617800313A2000323A2000333A2000343A2000353A2000363A2000373A7E
:20EC20002000383A20004241434B2050524556204E455854204348414E474500110D251636
:20EC4000280D3C161116251F28163C1F111F2528281F3C281128253128283C31530D6716D8
:20EC60006A0D7E165316671F6A167E1F531F67286A1F7E28532867316A287E310E94666988
:20EC800000E00093B10700E00093B20702E00093B607EF93FF93E2E2FFEE0E947B67FF9112
:20ECA000EF91EFECF0E00E94546A00934D0800914D0800237AF0EEECF0E00E94FA69AA23F2
:20ECC0004AF0EF93FF93ECEDFFEE0E947B67FF91EF9108C0EF93FF93E8EDFFEE0E947B676A
:20ECE000FF91EF9100E00093B10709E00093B207EF93FF93E6E3FFEE0E947B67FF91EF9146
:20ED0000EFECF0E00E94FA69AA234AF4EF93FF93E0EEFFEE0E947B67FF91EF9108C0EF938B
:20ED2000FF93E4EEFFEE0E947B67FF91EF9100E00093B10702E10093B207EF93FF93EAE4B2
:20ED4000FFEE0E947B67FF91EF9100E00093B1070BE10093B207EF93FF93E0E6FFEE0E9466
:20ED60007B67FF91EF9100E00093B10704E20093B207EF93FF93E6E7FFEE0E947B67FF9162
:20ED8000EF9100E00093B1070DE20093B207EF93FF93ECE8FFEE0E947B67FF91EF9100E044
:20EDA0000093B10709E30093B207EF93FF93E2ECFFEE0E947B67FF91EF91E8EEFFEE04E0C6
:20EDC000019FE00DF11D05910093B10705910093B20705910093B30704910093B40700E02F
:20EDE0000093B5070E9499660E9411690E94DD69083079F40E94C52700270093F9070FE043
:20EE00000093AE0600EA0093AF0600E00093B0060895043021F41A950AF415E02FCF023098
:20EE200029F41395163009F410E028CF0130A1F412309CF4EEECF0E001E0019FE00DF11D25
:20EE40000E94FA6900E8A027EEECF0E001E0019FE00DF11D0E94066A11CF0E94666901E094
:20EE60000093B50702E00093B60704E10093B10709E10093B207EF93FF93E2EAFFEE0E943C
:20EE80007B67FF91EF9100E00093B10709E30093B207EF93FF93E0EBFFEE0E947B67FF913D
:20EEA000EF910E9411690E94DD69023009F0E6CE133044F40FEF00934C080E947F160E94B6
:20EEC000C527DCCE143044F4002700934C080E947F160E94C527D2CE15305CF40E946669A7
:20EEE0000E941169AFEFB3E0C0E0D4E0E0E0F0E00AC00E9466690E941169AFEFB3E0E0E099
:20EF0000F4E0C0E0D0E0FF93EF930E94546AFE010E945C6AEF91FF912196319611979AF72B
:20EF2000ADCE43757272656E742050726F66696C65203A20000053776974636820535320B0
:20EF40002620504920203A20000052657365742050726F66696C652031203A204E6F0000BC
:20EF600052657365742050726F66696C652032203A204E6F0000436F707920205031207424
:20EF80006F20503220203A204E6F0000436F70792020503220746F20503120203A204E6FB1
:20EFA000000041726520796F7520737572653F0043414E43454C2020202020202059455327
:20EFC00000004241434B2050524556204E455854204348414E47450050310000503200009B
:20EFE000596573004E6F00006B007F096B097F126B127F1B6B1B7F246B247F2D6B2D7F3663
:20F000000E94666901E00093B50702E00093B60700E00093B10700E00093B207EF93FF93B2
:20F02000EAECF0EF0E947B67FF91EF9100E00093B10709E00093B207EF93FF93ECEDF0EF5B
:20F040000E947B67FF91EF9100E00093B10702E10093B207EF93FF93E0EFF0EF0E947B677C
:20F06000FF91EF9100E00093B1070BE10093B207EF93FF93E6E0F1EF0E947B67FF91EF91CF
:20F0800000E00093B10704E20093B207EF93FF93ECE1F1EF0E947B67FF91EF9100E000934B
:20F0A000B10706E30093B207EF93FF93EAE2F1EF0E947B67FF91EF910E941169A0EDB7E0CF
:20F0C0000E94B9690E94DD690895506C6561736520737570706F7274206D790063686172AC
:20F0E000697479206279206D616B696E67206100646F6E6174696F6E20746F2073686F7767
:20F1000020796F757200617070726563696174696F6E20666F7220616C6C00006D792068D3
:20F1200061726420776F726B2E006D65726C696E6D7363656E7472652E6F72672E756B001B
:20F1400000000000000010E3841001006DB48000000000A7CA29F28020E40C09C1006590AB
:20F16000842134C021450855234030C20000000010820820810020410410420000A39F3872
:20F18000A00000411F10400000000000C30800001F00000000000000C300001084210000BD
:20F1A0003914D565138010C1041043803910462107C039104E0513800862927C20807D044E
:20F1C0001E05138018841E4513807C108420820039144E45138039144F04230000030C00F0
:20F1E000C30000030C00C3080842102040800007C001F000204081084200391046100100B5
:20F200003915D55D03803914517D144079145E4517803914104113807914514517807D0449
:20F220001E4107C07D041E4104003914174513C045145F451440384104104380041041450D
:20F2400013804525185124404104104107C045B55145144045955345144039145145138067
:20F2600079145E41040039145155234079145E49144039140E0513807C4104104100451422
:20F280005145138045145144A10045155555528045128429144045144A10410078210841B2
:20F2A000078038820820838001020408100038208208238010A44000000000000000003F0B
:20F2C00030C1000000000003813D13C04107914517800003914113800413D14513C0000389
:20F2E0009179038018821E2082000003D144F04E4107124924801001041041800801820811
:20F30000248C41049461448010410410418000069555144000071249248000039145138063
:20F320000007914517900003D14513C100058920870000039038138000878820A1000004F5
:20F340009249628000045144A10000045155F28000049231248000049248E118000782319E
:20F36000078018821820818010410010410030208308230029400000000010E6D145F0002E
:20F380000000000000000000000003FC3FC0000000000000000000000F83FE30660760F6EC
:20F3A0001B6336636C37837033063FE0F80000000300701F01F00300300300300300300331
:20F3C00000301FE1FE0000001FC3FE70760360700E01C0380700E01C03807FF7FF00000064
:20F3E0001FC3FE7076030030070FE0FC0060036037073FE1FC00000001C03C07C0EC1CC376
:20F400008C70C60C7FF7FF00C00C00C00C0000007FF7FF6006006007FC3FE007003003601A
:20F4200037073FE1FC00000003C07C0E01C03803007FC7FE7076036037073FE1FC00000042
:20F440007FF7FF00600600C00C0180180300300600600C00C00000000F81FC38E3063063C7
:20F460008E1FC3FE7076036037073FE1FC0000001FC3FE7076036037073FF1FF00600E0176
:20F48000C0381F01E00000000600600F00F00F019819819830C3FC3FC6066066060000006F
:20F4A0007F07F861C60C60660660660660660660C61C7F87F00000007FE7FE6006006006CF
:20F4C000007F87F86006006006007FE7FE0000007FE7FE6006006006007F87F8600600600A
:20F4E000060060060000000060670E70E79E79E6F66F6666666606606606606606000000DC
:20F500006067067067866C66C666666663663661E60E60E6060000000F01F839C30C606681
:20F520000660660660660630C39C1F80F00000007F87FC60E60660660660E7FC7F867063DA
:20F54000861C60E6060000001F83FC70E6066007003F81FC00E00660670E3FC1F8000000ED
:20F560003FC3FC0600600600600600600600600600600600600000008000C000E000F00019
:20F58000F800F000E000C00080000000000000000000000000000000080018003800780093
:20F5A000F8007800380018000800000000000000000000000000000008001C003E007F00A2
:20F5C000FF8000000000000000000000000000000000000000000000FF807F003E001C0054
:20F5E0000800000000000000000000000000000000000000000000004000F80040001C006F
:20F600007F007F00FF80FF80FF807F007F001C00000000000000000001000F8001001C00A8
:20F620007F007F00FF80FF80FF807F007F001C00000000000000000038007C00FE00FE0085
:20F64000FE007C00380000000000000000000000000000000000000026227000612470004B
:20F660006121600015711000746160002465200071322000252520000000000022202000A5
:20F68000550000005757500023636200412410002535700064000000244420004222400060
:20F6A0005272500002720000000064000070000000002000112440003555600026227000B7
:20F6C00061247000612160001571100074616000246520007132200025252000253120003C
:20F6E0000020200000206400124210000070700042124000612020007554700025755000AA
:20F700006565600034443000655560007464700074644000345530005575500072227000C6
:20F7200011152000556550004444700057755000575550002555200065644000255730001A
:20F74000656550003471600072222000555570005555200055775000552550005522200075
:20F76000712470006444600044211000622260002500000000000F006200000000357000E8
:20F78000446560000034300011353000007630001272200000751700446550002022200055
:20F7A0002022260044565000222220000077500000655000002520000065640000353100A3
:20F7C000006440000032600002723000005570000055200000577000005250000055240033
:20F7E000006230003262300022222000623260005A000000025700005F5F646174655F5F8E
:00000001FF
